"DateTime"," NDSI (Landsat 4/5/7/8 SR) at Polygon 1, 1984-01-01 to 2019-08-15"," NDSI (Landsat 4/5/7/8 SR) at Polygon 2, 1984-01-01 to 2019-08-15"
"1984-04-10",0.3609,0.6046
"1984-05-12",-0.044,
"1984-06-06",-0.3972,-0.4205
"1984-06-13",-0.4335,
"1984-06-22",-0.4963,-0.5057
"1984-06-29",-0.4725,-0.4871
"1984-07-08",-0.4332,-0.4522
"1984-07-15",-0.4267,-0.439
"1984-07-24",,
"1984-08-25",-0.4718,-0.4853
"1984-11-04",-0.2197,0.0287
"1984-11-13",-0.3255,-0.1749
"1984-11-20",-0.3493,-0.2344
"1984-12-22",0.0121,0.0942
"1985-01-07",,0.2525
"1985-01-16",-0.0113,0.1782
"1985-01-23",-0.0538,0.2772
"1985-02-01",0.5387,0.4935
"1985-02-08",0.1938,0.2086
"1985-02-17",,
"1985-04-06",-0.3249,-0.0716
"1985-04-13",-0.4153,-0.3982
"1985-05-08",-0.4807,-0.5076
"1985-05-24",-0.4659,-0.492
"1985-07-27",-0.4789,-0.4923
"1985-08-12",-0.5028,-0.515
"1985-08-28",-0.465,-0.4724
"1985-09-04",0.0308,-0.1822
"1985-09-13",-0.4428,-0.45
"1985-10-15",-0.3758,-0.2266
"1985-10-22",-0.4442,-0.4618
"1985-10-31",,
"1985-11-16",0.4359,0.4365
"1985-11-23",0.0542,0.1885
"1985-12-02",-0.0342,-0.029
"1985-12-09",,
"1986-01-03",0.0423,0.147
"1986-01-10",0.2768,0.2519
"1986-01-19",,
"1986-01-26",-0.2494,-0.179
"1986-02-04",-0.2827,0.025
"1986-02-27",,
"1986-03-08",,
"1986-03-15",,-0.1153
"1986-03-31",,-0.361
"1986-04-09",-0.2727,-0.0217
"1986-04-25",-0.4359,-0.4453
"1986-05-02",,-0.2363
"1986-05-11",-0.4691,-0.482
"1986-05-18",-0.3822,-0.4371
"1986-06-03",,-0.2957
"1986-06-12",-0.472,-0.4797
"1986-06-19",-0.4474,-0.4355
"1986-06-28",-0.4282,-0.4658
"1986-07-05",,
"1986-07-14",-0.4791,-0.4912
"1986-07-21",,-0.278
"1986-07-30",-0.4749,-0.4909
"1986-08-06",-0.4782,-0.4929
"1986-08-15",-0.4778,-0.4871
"1986-08-22",,-0.2415
"1986-08-31",-0.4627,-0.4737
"1986-09-07",,
"1986-09-16",-0.2481,
"1986-09-23",-0.4121,-0.4489
"1986-10-02",-0.4341,-0.4416
"1986-10-09",-0.3953,-0.3969
"1986-10-18",-0.4128,-0.4348
"1986-10-25",-0.3912,-0.4061
"1986-11-10",0.0575,0.2494
"1986-11-26",0.3427,0.3773
"1986-12-12",0.5659,0.5706
"1986-12-21",0.4133,0.5263
"1986-12-28",0.3365,0.4616
"1987-01-06",0.2793,0.5401
"1987-01-13",0.2441,0.403
"1987-01-22",0.5099,0.519
"1987-01-29",0.2576,0.3767
"1987-02-07",0.0878,0.3803
"1987-03-02",0.6417,0.6553
"1987-04-03",0.0714,0.3626
"1987-04-19",-0.429,-0.3327
"1987-04-28",-0.434,-0.447
"1987-05-05",,
"1987-05-14",-0.4581,-0.4416
"1987-05-30",-0.4532,-0.4674
"1987-06-06",-0.4196,-0.4001
"1987-06-15",-0.4713,-0.4866
"1987-06-22",-0.4857,-0.4998
"1987-07-01",-0.4642,-0.4862
"1987-07-24",-0.4817,-0.0307
"1987-08-02",-0.491,-0.4967
"1987-08-09",-0.285,-0.3375
"1987-08-18",-0.4794,-0.4841
"1987-08-25",-0.4176,-0.414
"1987-09-03",-0.477,-0.485
"1987-09-10",-0.4582,-0.4732
"1987-09-19",-0.4583,-0.474
"1987-09-26",-0.4329,-0.4606
"1987-10-05",-0.3461,-0.335
"1987-10-12",-0.4544,-0.4583
"1987-10-21",-0.4305,-0.4498
"1987-11-14",-0.3024,-0.3715
"1988-03-04",,
"1988-03-20",,
"1988-03-29",0.6143,0.616
"1988-04-05",-0.2735,-0.1759
"1988-04-14",,
"1988-04-21",-0.4357,-0.4586
"1988-04-30",-0.3934,-0.4705
"1988-05-07",-0.4633,-0.4842
"1988-05-16",-0.4666,-0.4809
"1988-05-23",-0.4196,-0.3548
"1988-06-01",-0.3129,-0.4253
"1988-06-08",-0.4194,-0.4674
"1988-06-17",-0.4526,-0.4611
"1988-06-24",-0.4485,-0.4693
"1988-07-03",-0.4605,-0.474
"1988-07-26",-0.3885,-0.4251
"1988-07-27",-0.46,-0.4728
"1988-08-11",-0.433,-0.3476
"1988-08-27",-0.3703,-0.2575
"1988-09-05",-0.4731,-0.4779
"1988-09-21",-0.3468,
"1988-09-28",-0.1661,-0.4219
"1988-10-07",-0.3805,-0.3755
"1988-10-14",-0.4392,-0.439
"1988-10-23",-0.4313,-0.4377
"1988-10-30",-0.4022,-0.406
"1989-04-01",,
"1989-04-08",-0.3631,-0.4299
"1989-04-17",-0.3791,-0.3791
"1989-04-24",-0.4444,-0.4744
"1989-05-03",-0.3801,-0.208
"1989-05-10",,
"1989-05-26",,
"1989-06-11",,
"1989-06-20",-0.2874,-0.2684
"1989-07-05",-0.4844,-0.4867
"1989-07-13",-0.4803,-0.4734
"1989-07-14",-0.3488,-0.4589
"1989-07-22",-0.2093,-0.3968
"1989-07-29",-0.4543,-0.4595
"1989-08-07",-0.4612,-0.4685
"1989-08-14",-0.5016,-0.4772
"1989-08-15",-0.4774,-0.4805
"1989-08-23",-0.4686,-0.4776
"1989-08-30",-0.4801,-0.4961
"1989-08-31",-0.4725,-0.4817
"1989-09-07",-0.4894,-0.4949
"1989-09-08",-0.3593,-0.3734
"1989-09-15",-0.487,-0.4973
"1989-09-24",-0.4557,-0.462
"1989-10-01",-0.4821,-0.4861
"1989-10-10",-0.4415,-0.4525
"1989-10-17",,
"1990-02-15",0.4776,0.5237
"1990-03-26",-0.1982,-0.1232
"1990-04-04",-0.3225,-0.229
"1990-04-11",,-0.3396
"1990-04-20",-0.4138,-0.4503
"1990-04-27",,
"1990-05-06",-0.4612,-0.3319
"1990-05-13",-0.3818,
"1990-05-22",-0.4521,-0.4575
"1990-06-23",-0.4537,-0.4634
"1990-07-09",-0.415,-0.3668
"1990-08-10",-0.3547,-0.3982
"1990-09-02",-0.4539,-0.4823
"1990-09-11",-0.4753,-0.4844
"1990-09-27",,
"1990-10-04",,
"1990-10-13",-0.4513,-0.4569
"1990-10-29",-0.4296,-0.4436
"1991-03-22",0.6319,0.6099
"1991-03-29",,
"1991-04-07",,
"1991-04-14",0.4098,0.4327
"1991-04-23",,
"1991-04-30",0.4531,0.3196
"1991-05-09",,
"1991-05-25",-0.456,-0.4635
"1991-06-01",,
"1991-06-10",-0.4407,-0.4548
"1991-06-17",-0.4852,-0.4984
"1991-06-26",-0.4353,-0.4482
"1991-07-03",-0.4533,-0.4271
"1991-07-12",-0.4317,-0.2137
"1991-07-19",-0.4765,-0.3497
"1991-07-28",-0.4798,-0.4834
"1991-08-04",,
"1991-08-20",,-0.4002
"1991-08-29",-0.4579,-0.4616
"1991-09-05",-0.4171,-0.4487
"1991-09-14",-0.4627,-0.4643
"1991-09-21",-0.4723,-0.4711
"1991-10-07",-0.4269,-0.4568
"1991-10-16",-0.4303,-0.4339
"1991-10-23",,-0.1799
"1992-01-20",0.4479,0.4865
"1992-03-15",0.1248,0.4659
"1992-03-24",0.1423,0.4243
"1992-03-31",,
"1992-04-09",-0.3107,-0.2588
"1992-04-16",-0.1703,0.5924
"1992-04-25",-0.4141,-0.4149
"1992-05-02",-0.1776,
"1992-05-11",-0.3982,-0.4162
"1992-05-18",-0.2849,-0.2311
"1992-06-03",-0.2998,-0.3574
"1992-06-04",-0.3615,-0.3859
"1992-06-11",-0.1996,-0.1761
"1992-06-12",-0.42,-0.4345
"1992-06-19",-0.4355,-0.4283
"1992-06-20",-0.2763,
"1992-06-28",-0.2357,-0.3434
"1992-07-05",-0.4545,-0.4722
"1992-07-06",-0.4662,-0.4687
"1992-07-21",-0.435,-0.4509
"1992-07-30",-0.4431,-0.4491
"1992-08-15",-0.441,-0.4502
"1992-08-22",-0.3823,-0.3328
"1992-08-31",,
"1992-09-07",-0.4192,-0.4218
"1992-09-16",-0.3311,-0.3586
"1992-09-23",-0.455,-0.4688
"1992-10-02",-0.4099,-0.4152
"1992-10-09",-0.3735,-0.3416
"1992-10-18",-0.3797,-0.4277
"1992-10-25",-0.2425,-0.3299
"1992-11-03",,
"1992-11-10",0.0345,0.095
"1992-11-26",0.6259,0.6162
"1992-12-12",,
"1992-12-21",0.473,0.5032
"1993-01-06",0.3875,0.459
"1993-01-13",0.3444,0.4712
"1993-01-22",0.1984,0.3735
"1993-01-29",,
"1993-02-07",,
"1993-02-14",,0.4364
"1993-02-23",0.1474,0.377
"1993-03-02",0.0617,0.3381
"1993-03-18",,
"1993-04-03",,
"1993-04-12",-0.3832,-0.3845
"1993-04-19",,-0.2628
"1993-04-28",-0.4129,-0.4217
"1993-05-05",,
"1993-05-14",-0.2568,-0.3344
"1993-05-30",-0.2231,-0.3925
"1993-06-06",,
"1993-06-15",-0.4528,-0.4138
"1993-06-22",-0.4638,-0.4757
"1993-07-01",-0.4471,-0.4599
"1993-07-08",-0.1572,-0.252
"1993-07-17",,
"1993-07-24",,-0.4245
"1993-08-02",-0.3245,-0.4478
"1993-08-09",-0.4791,-0.4883
"1993-08-18",-0.3214,-0.1939
"1993-08-25",-0.4222,-0.4577
"1993-09-03",-0.4495,-0.4547
"1993-09-10",-0.4348,-0.4298
"1993-09-19",-0.3912,-0.4264
"1993-09-26",-0.4574,-0.4635
"1993-10-05",-0.4212,-0.4258
"1993-10-12",-0.343,-0.3841
"1993-10-21",-0.3954,-0.3993
"1993-10-28",0.0323,
"1993-11-06",0.4947,0.625
"1993-11-13",0.1036,0.3471
"1993-11-22",-0.0129,0.1832
"1993-11-29",-0.0901,0.0946
"1993-12-08",-0.1087,-0.0344
"1993-12-24",,
"1994-01-09",0.0284,0.2028
"1994-01-16",,
"1994-01-25",,
"1994-02-01",0.6374,0.6429
"1994-02-10",0.4898,
"1994-02-17",,
"1994-02-26",0.0442,0.1681
"1994-03-14",-0.227,-0.1465
"1994-03-21",-0.4087,-0.2861
"1994-03-30",0.6072,0.641
"1994-04-06",0.6938,0.6618
"1994-04-15",-0.3454,-0.2318
"1994-04-22",-0.4216,-0.4255
"1994-05-01",,
"1994-05-08",-0.4601,-0.4784
"1994-05-17",-0.4161,-0.4297
"1994-05-24",-0.2776,-0.3568
"1994-06-02",-0.3895,-0.3903
"1994-06-09",-0.4758,-0.4891
"1994-06-18",-0.4546,-0.4721
"1994-06-25",-0.4174,-0.3406
"1994-07-04",-0.4662,-0.4762
"1994-07-11",-0.4317,-0.4553
"1994-08-05",,-0.3433
"1994-08-12",-0.4795,-0.4919
"1994-08-21",-0.4478,-0.422
"1994-09-06",-0.3955,-0.4701
"1994-09-13",,
"1994-09-22",-0.4204,-0.4049
"1994-09-29",,
"1994-10-08",-0.3173,0.0156
"1994-10-15",,
"1994-10-24",-0.2717,-0.3418
"1994-10-31",0.2115,0.0541
"1994-11-09",0.3921,0.4605
"1994-11-16",-0.032,-0.1775
"1994-11-25",-0.1211,0.1748
"1994-12-02",-0.3309,-0.1785
"1994-12-11",,
"1994-12-18",-0.1525,-0.0134
"1994-12-27",-0.2681,-0.2095
"1995-01-03",0.3816,0.4531
"1995-01-12",,
"1995-01-19",-0.2818,-0.164
"1995-01-28",0.0101,0.3249
"1995-02-04",-0.2057,-0.0189
"1995-02-13",0.6784,0.6453
"1995-02-20",0.0097,0.3061
"1995-03-08",,
"1995-03-17",,
"1995-03-24",-0.3346,-0.3688
"1995-04-02",0.2137,
"1995-04-18",,
"1995-04-25",-0.0567,0.5322
"1995-05-04",-0.2127,-0.1515
"1995-05-11",,
"1995-06-05",-0.4414,-0.415
"1995-06-12",-0.4773,-0.4979
"1995-06-21",-0.4493,-0.4637
"1995-06-28",-0.3238,-0.3281
"1995-07-07",-0.455,-0.4643
"1995-07-23",-0.253,-0.4267
"1995-07-30",-0.334,-0.4373
"1995-08-08",,
"1995-08-15",-0.4881,-0.4931
"1995-08-24",-0.4579,-0.4685
"1995-08-31",-0.4819,-0.4874
"1995-09-09",-0.2694,
"1995-09-16",-0.4371,-0.4614
"1995-09-25",-0.447,-0.4379
"1995-10-02",-0.4867,-0.5119
"1995-10-11",-0.4374,-0.4607
"1995-10-18",-0.4628,-0.5007
"1995-11-03",-0.4521,-0.4889
"1995-11-19",-0.2539,-0.3855
"1995-12-05",-0.3204,-0.3584
"1995-12-14",-0.2819,-0.3199
"1995-12-21",-0.1244,-0.0698
"1996-01-31",0.3306,0.2525
"1996-02-07",-0.0315,0.0724
"1996-02-16",-0.318,-0.2592
"1996-02-23",-0.3904,-0.4002
"1996-03-03",-0.324,-0.2104
"1996-03-10",,
"1996-03-19",0.0752,0.4552
"1996-03-26",-0.0692,-0.031
"1996-04-11",-0.42,-0.4348
"1996-04-27",,
"1996-05-06",-0.4288,-0.4498
"1996-05-13",-0.4052,-0.4555
"1996-05-22",-0.445,-0.4639
"1996-05-29",-0.4899,-0.5102
"1996-06-07",-0.4573,-0.4747
"1996-06-14",,
"1996-06-23",-0.459,-0.4546
"1996-06-30",-0.3651,-0.3989
"1996-07-16",-0.4733,-0.4844
"1996-07-25",-0.4243,-0.42
"1996-08-01",-0.3789,-0.4321
"1996-08-10",-0.5115,-0.509
"1996-08-17",-0.4753,-0.49
"1996-08-26",-0.4308,-0.4314
"1996-09-02",,
"1996-09-11",-0.4357,-0.4228
"1996-09-18",-0.4919,-0.5036
"1996-09-27",0.6421,0.6674
"1996-10-04",-0.3996,-0.4166
"1996-10-13",-0.4694,-0.4946
"1996-10-20",-0.1387,-0.064
"1996-10-29",,
"1996-11-14",,
"1996-11-21",,
"1996-11-30",,
"1996-12-07",0.4639,0.4146
"1996-12-16",,
"1996-12-23",0.2112,0.2745
"1997-01-01",,
"1997-01-08",0.2337,0.4208
"1997-01-17",0.2605,0.3391
"1997-01-24",-0.255,-0.142
"1997-02-02",-0.3215,-0.3174
"1997-02-09",-0.0445,0.0449
"1997-02-18",-0.2827,-0.2386
"1997-02-25",0.5309,0.54
"1997-03-06",0.3163,0.5021
"1997-03-22",-0.2513,-0.367
"1997-03-29",,
"1997-04-07",0.4328,0.5228
"1997-04-14",,
"1997-04-23",,
"1997-04-30",-0.4411,-0.4578
"1997-05-09",-0.4424,-0.4545
"1997-05-16",-0.4191,-0.4608
"1997-05-25",-0.4916,-0.439
"1997-06-01",-0.4656,-0.4796
"1997-06-10",-0.3655,-0.3714
"1997-06-17",,-0.3417
"1997-06-26",-0.5025,-0.5141
"1997-07-03",-0.48,-0.4899
"1997-07-12",-0.4627,-0.4476
"1997-07-19",,
"1997-08-13",-0.4615,-0.4363
"1997-08-20",-0.5204,-0.5355
"1997-08-29",-0.4124,-0.4496
"1997-09-05",-0.4709,-0.4871
"1997-09-14",-0.4767,-0.4883
"1997-09-30",-0.4875,-0.4948
"1997-10-07",-0.3302,-0.3282
"1997-10-16",-0.4458,-0.448
"1997-11-01",0.5313,0.554
"1997-11-17",0.2577,0.3982
"1997-11-24",0.09,0.2785
"1997-12-03",0.6168,0.6321
"1997-12-26",0.5388,0.522
"1998-01-04",0.4123,0.531
"1998-01-11",,
"1998-01-20",,
"1998-01-27",0.3148,0.4892
"1998-02-05",0.3245,0.4858
"1998-02-12",0.2906,0.5022
"1998-02-28",0.2417,0.5334
"1998-03-09",0.4736,0.5356
"1998-03-16",,
"1998-03-25",-0.1817,0.0002
"1998-04-01",0.0259,0.4758
"1998-04-10",-0.1972,
"1998-04-17",0.6875,0.704
"1998-05-03",-0.3875,-0.3888
"1998-05-12",-0.49,-0.4682
"1998-05-19",-0.4504,-0.4767
"1998-05-28",-0.4717,-0.4667
"1998-06-04",-0.3866,
"1998-06-13",-0.4281,-0.4554
"1998-06-20",-0.4621,-0.4744
"1998-06-29",-0.4649,-0.4754
"1998-07-15",-0.4664,-0.4817
"1998-07-22",,-0.3567
"1998-07-31",,
"1998-08-07",-0.5014,-0.5122
"1998-08-16",-0.4759,-0.4446
"1998-08-23",-0.49,-0.5076
"1998-09-01",,
"1998-09-08",-0.4651,-0.4754
"1998-09-17",-0.4603,-0.4678
"1998-09-24",-0.4919,-0.5026
"1998-10-03",-0.2982,-0.2531
"1998-10-10",-0.4717,-0.4759
"1998-10-19",-0.4273,-0.4347
"1998-11-04",0.1232,0.2593
"1998-11-11",0.4027,0.4417
"1998-11-20",,
"1998-11-27",-0.4131,-0.4252
"1998-12-06",0.4232,0.4358
"1998-12-13",0.2831,0.4168
"1998-12-22",0.521,0.4738
"1998-12-29",0.0326,0.1277
"1999-01-07",-0.1734,-0.0712
"1999-01-14",,
"1999-01-23",0.4432,0.4871
"1999-01-30",,
"1999-02-08",-0.3357,-0.2266
"1999-02-24",-0.1895,-0.0458
"1999-03-19",-0.3767,-0.3403
"1999-03-28",-0.4062,-0.4093
"1999-04-04",0.4549,0.5535
"1999-04-20",-0.4118,-0.4275
"1999-05-06",-0.4484,-0.4666
"1999-05-15",-0.4499,-0.4599
"1999-05-22",-0.4486,-0.4513
"1999-05-31",-0.3128,-0.4262
"1999-06-07",-0.4762,-0.4938
"1999-06-23",-0.466,-0.4811
"1999-07-01",-0.4982,-0.5024
"1999-07-02",,
"1999-07-09",,
"1999-07-10",-0.4713,-0.4784
"1999-07-17",-0.4737,-0.4584
"1999-07-18",-0.4136,-0.4042
"1999-07-25",,
"1999-07-26",-0.502,-0.5071
"1999-08-02",-0.5064,-0.5019
"1999-08-03",-0.4013,-0.4333
"1999-08-10",-0.1712,
"1999-08-11",,
"1999-08-18",-0.5241,-0.5301
"1999-08-19",-0.4777,-0.491
"1999-08-26",-0.4618,-0.4756
"1999-08-27",-0.5086,-0.5111
"1999-09-03",-0.5111,-0.4991
"1999-09-04",-0.4765,-0.4738
"1999-09-11",,
"1999-09-12",-0.4422,-0.4703
"1999-09-27",-0.3121,-0.319
"1999-09-28",,
"1999-10-05",-0.4825,-0.4913
"1999-10-06",,
"1999-10-13",-0.472,-0.4843
"1999-10-14",-0.4744,-0.4739
"1999-10-21",-0.38,-0.1667
"1999-10-22",-0.4073,-0.3217
"1999-10-29",,0.0188
"1999-10-30",-0.4535,-0.4649
"1999-11-06",-0.4722,-0.4817
"1999-11-07",-0.3945,-0.3949
"1999-11-14",-0.4482,-0.446
"1999-11-15",-0.4384,-0.4482
"1999-11-23",0.7036,0.7089
"1999-11-30",,
"1999-12-01",-0.3123,-0.177
"1999-12-08",,
"1999-12-17",0.4842,0.452
"1999-12-24",0.3588,0.3681
"1999-12-25",0.3661,0.3756
"2000-01-02",0.6184,0.6532
"2000-01-09",0.355,0.4906
"2000-01-10",,
"2000-01-17",
"2000-01-18",-0.0211,
"2000-01-26",,
"2000-02-02",0.4425,0.4666
"2000-02-03",0.4576,0.5589
"2000-02-10",,
"2000-02-11",-0.1086,0.381
"2000-02-18",0.5817,0.6366
"2000-02-19",0.199,0.4559
"2000-02-26",-0.3178,-0.0288
"2000-02-27",-0.1488,0.0065
"2000-03-05",-0.292,-0.0273
"2000-03-06",-0.3468,-0.1073
"2000-03-13",-0.4012,-0.1345
"2000-03-14",-0.3577,-0.1969
"2000-03-21",,0.5133
"2000-03-29",-0.3792,0.2652
"2000-04-07",-0.3268,-0.3213
"2000-04-14",-0.4549,-0.4654
"2000-04-23",,
"2000-05-01",-0.1153,
"2000-05-09",-0.352,-0.4319
"2000-05-16",-0.5126,-0.5112
"2000-05-17",,
"2000-05-24",,
"2000-05-25",-0.3772,
"2000-06-01",-0.5001,-0.5064
"2000-06-02",-0.4488,-0.4085
"2000-06-09",,
"2000-06-10",-0.4804,-0.4757
"2000-06-17",,
"2000-06-18",-0.4404,-0.4566
"2000-06-25",-0.2199,
"2000-07-03",,
"2000-07-04",-0.4835,-0.4806
"2000-07-11",-0.4654,-0.4249
"2000-07-12",-0.3375,
"2000-07-19",-0.5272,-0.53
"2000-07-20",-0.47,-0.4882
"2000-07-27",-0.2898,-0.3278
"2000-07-28",-0.4257,-0.4604
"2000-08-04",-0.4677,-0.4693
"2000-08-05",-0.478,-0.4826
"2000-08-12",,
"2000-08-13",-0.5114,-0.4984
"2000-08-20",,
"2000-08-21",-0.349,
"2000-08-28",-0.475,-0.4738
"2000-09-05",-0.5137,-0.5082
"2000-09-06",,-0.3755
"2000-09-13",-0.4826,-0.4732
"2000-09-14",-0.4981,-0.4897
"2000-09-21",-0.2953,-0.4527
"2000-09-22",,
"2000-09-29",-0.1725,-0.1258
"2000-09-30",-0.4813,-0.4641
"2000-10-07",,
"2000-10-08",-0.4348,-0.4003
"2000-10-15",-0.4705,-0.4593
"2000-10-16",-0.4769,-0.4605
"2000-10-23",,
"2000-10-24",-0.424,-0.4126
"2000-10-31",,
"2000-11-01",-0.4292,-0.4411
"2000-11-08",0.027,0.0638
"2000-11-09",-0.1438,-0.1124
"2000-11-16",0.4021,0.5125
"2000-11-17",0.372,0.4997
"2000-11-24",0.0794,0.3081
"2000-11-25",-0.0137,0.1634
"2000-12-02",-0.1526,0.0621
"2000-12-03",-0.1796,0.0098
"2000-12-10",,
"2000-12-11",0.5371,0.5742
"2000-12-18",-0.0038,0.1739
"2000-12-19",,
"2000-12-26",0.5024,0.5277
"2000-12-27",0.2366,0.3096
"2001-01-04",-0.166,-0.0104
"2001-01-11",-0.2728,-0.1255
"2001-01-12",-0.2494,-0.138
"2001-01-19",0.343,0.298
"2001-01-20",,
"2001-01-27",,
"2001-02-04",0,0.3074
"2001-02-05",-0.1104,0.1482
"2001-02-12",0.4097,0.4827
"2001-02-13",0.2754,0.4038
"2001-02-20",-0.0564,0.214
"2001-02-21",-0.0836,0.1288
"2001-02-28",,
"2001-03-01",0.5252,
"2001-03-08",-0.1566,0.0622
"2001-03-09",-0.3072,-0.0282
"2001-03-16",,
"2001-03-24",0.6063,0.6261
"2001-03-25",-0.1511,
"2001-04-01",-0.4883,-0.3958
"2001-04-02",-0.368,-0.3983
"2001-04-09",-0.4335,-0.4414
"2001-04-10",,
"2001-04-17",-0.4594,-0.3368
"2001-04-18",-0.4041,-0.2988
"2001-04-25",-0.4468,-0.4525
"2001-04-26",-0.4607,-0.4673
"2001-05-11",-0.4231,-0.4231
"2001-05-12",-0.4764,-0.4769
"2001-05-19",,
"2001-05-20",-0.4666,-0.4687
"2001-05-27",-0.3364,-0.4261
"2001-05-28",,
"2001-06-04",-0.3979,
"2001-06-05",-0.4503,-0.456
"2001-06-12",-0.3175,-0.3428
"2001-06-13",,
"2001-06-20",-0.3418,-0.3491
"2001-06-21",-0.4729,-0.4624
"2001-06-28",-0.4793,-0.4514
"2001-06-29",-0.4332,-0.4363
"2001-07-06",-0.2519,-0.2214
"2001-07-07",-0.4812,-0.4531
"2001-07-15",-0.4696,
"2001-07-22",,-0.414
"2001-07-23",,
"2001-07-30",-0.2607,
"2001-07-31",-0.5068,-0.4933
"2001-08-07",-0.3492,-0.4369
"2001-08-08",-0.5075,-0.37
"2001-08-15",-0.4547,-0.4423
"2001-08-16",,
"2001-08-23",,
"2001-08-24",-0.5107,-0.5041
"2001-08-31",,
"2001-09-01",-0.44,-0.4322
"2001-09-08",0.6297,
"2001-09-09",-0.4754,-0.3331
"2001-09-16",-0.2878,-0.2818
"2001-09-17",-0.4885,-0.3935
"2001-09-24",-0.4989,-0.495
"2001-09-25",-0.4801,-0.4662
"2001-10-02",-0.3403,-0.4379
"2001-10-03",-0.4903,-0.4834
"2001-10-11",,
"2001-10-18",-0.3941,-0.2063
"2001-10-19",-0.4708,-0.4543
"2001-10-26",-0.5006,-0.4984
"2001-10-27",,
"2001-11-03",-0.1695,-0.2038
"2001-11-04",-0.4695,-0.4485
"2001-11-11",-0.451,-0.4149
"2001-11-12",-0.4134,-0.3997
"2001-11-19",0.1645,0.4021
"2001-11-20",-0.3903,-0.2553
"2001-11-27",0.4886,0.2472
"2001-11-28",0.6131,0.6039
"2001-12-05",-0.2104,-0.111
"2001-12-06",-0.2752,-0.1833
"2001-12-13",0.2711,0.4419
"2001-12-14",,
"2001-12-21",-0.1964,-0.1113
"2001-12-22",0.5316,0.5443
"2001-12-29",-0.098,0.1468
"2001-12-30",,
"2002-01-06",0.2786,0.2761
"2002-01-07",0.1138,0.1784
"2002-01-14",-0.2086,0.0885
"2002-01-15",-0.0914,0.1348
"2002-01-22",-0.1978,0.0458
"2002-01-23",,
"2002-01-30",0.4033,0.4002
"2002-01-31",0.4717,0.4973
"2002-02-07",-0.127,0.0446
"2002-02-08",-0.1662,0.0393
"2002-02-15",0.6858,0.6607
"2002-02-16",0.23,0.3546
"2002-02-23",-0.1284,-0.0372
"2002-02-24",-0.2965,-0.0921
"2002-03-03",0.6438,0.5987
"2002-03-12",,
"2002-03-19",0.439,0.5772
"2002-03-28",-0.3902,-0.2552
"2002-04-04",-0.4989,-0.4897
"2002-04-13",-0.4879,-0.4824
"2002-04-20",-0.4375,-0.4232
"2002-04-29",-0.2878,-0.3592
"2002-05-06",-0.503,-0.4982
"2002-05-07",-0.4641,-0.4592
"2002-05-14",,
"2002-05-15",-0.2839,-0.4164
"2002-05-22",-0.501,-0.4975
"2002-05-23",,
"2002-05-31",-0.4898,-0.4488
"2002-06-07",-0.5027,-0.4908
"2002-06-08",-0.4687,-0.4589
"2002-06-15",,
"2002-06-16",-0.3599,-0.3884
"2002-06-23",-0.5334,-0.4894
"2002-06-24",-0.394,-0.3657
"2002-07-01",-0.3342,-0.2753
"2002-07-02",-0.4696,-0.4381
"2002-07-09",-0.566,-0.5324
"2002-07-10",-0.5088,-0.4164
"2002-07-17",-0.5237,-0.4933
"2002-07-18",-0.5299,-0.5221
"2002-07-25",-0.4155,-0.3971
"2002-07-26",-0.4944,-0.5073
"2002-08-02",,0.0324
"2002-08-03",,
"2002-08-10",-0.5727,-0.5637
"2002-08-11",-0.5303,-0.5151
"2002-08-18",,-0.2204
"2002-08-19",-0.5076,-0.4932
"2002-08-26",-0.5608,-0.5537
"2002-08-27",-0.463,-0.3759
"2002-09-03",-0.3226,
"2002-09-04",-0.4783,-0.4999
"2002-09-11",,
"2002-09-12",-0.5074,-0.4768
"2002-09-19",-0.4803,-0.4387
"2002-09-20",-0.5658,-0.5355
"2002-09-27",,
"2002-09-28",-0.3602,-0.3394
"2002-10-05",,-0.4482
"2002-10-06",-0.5284,-0.5185
"2002-10-13",-0.5345,-0.5378
"2002-10-14",-0.4795,-0.4599
"2002-10-21",-0.4835,-0.4402
"2002-10-22",-0.432,-0.2056
"2002-10-29",,
"2002-10-30",0.5591,0.5458
"2002-11-06",-0.414,-0.2873
"2002-11-07",,
"2002-11-14",-0.3985,-0.3709
"2002-11-22",,-0.2728
"2002-11-23",,
"2002-11-30",-0.2826,-0.349
"2002-12-01",,
"2002-12-08",,
"2002-12-09",-0.4836,-0.4498
"2002-12-16",-0.5067,-0.486
"2002-12-17",-0.4332,-0.3759
"2002-12-24",0.2309,0.3206
"2002-12-25",-0.1417,0.0209
"2003-01-01",0.4982,
"2003-01-02",0.5691,0.4336
"2003-01-09",-0.1443,-0.2222
"2003-01-10",-0.06,-0.1838
"2003-01-17",-0.4388,-0.3746
"2003-01-18",-0.36,-0.372
"2003-01-25",-0.4445,-0.3978
"2003-01-26",-0.4877,-0.4551
"2003-02-02",-0.2449,-0.2494
"2003-02-03",0.6256,0.6112
"2003-02-10",0.7007,0.5725
"2003-02-11",,
"2003-02-19",0.0938,0.4848
"2003-02-27",0.6853,0.6459
"2003-03-06",0.4179,0.612
"2003-03-07",0.2932,0.6026
"2003-03-14",-0.3619,-0.1217
"2003-03-15",-0.5078,-0.2982
"2003-03-22",0.8853,0.6982
"2003-03-23",0.7928,0.6899
"2003-03-30",0.1009,
"2003-03-31",,
"2003-04-07",-0.4758,-0.3026
"2003-04-08",-0.4303,-0.1696
"2003-04-16",-0.5185,-0.5262
"2003-04-23",,
"2003-04-24",0.5702,
"2003-05-01",-0.4514,-0.4678
"2003-05-02",,
"2003-05-09",-0.4266,-0.4136
"2003-05-10",,
"2003-05-17",-0.5138,-0.5249
"2003-05-18",-0.4243,-0.376
"2003-05-25",-0.4815,-0.4624
"2003-05-26",-0.4553,-0.4837
"2003-06-02",-0.3031,-0.3241
"2003-06-11",-0.5013,-0.5114
"2003-06-18",-0.3331,
"2003-06-27",-0.491,-0.5033
"2003-07-04",-0.5016,-0.5249
"2003-07-13",,
"2003-07-20",-0.4726,-0.4804
"2003-07-21",-0.5009,-0.5179
"2003-07-28",-0.4298,-0.391
"2003-07-29",,
"2003-08-05",-0.4682,-0.488
"2003-08-06",-0.4917,-0.5242
"2003-08-13",-0.5069,-0.521
"2003-08-14",-0.4856,-0.5101
"2003-08-21",-0.305,
"2003-08-22",-0.4239,-0.4767
"2003-08-29",-0.4457,-0.3881
"2003-09-06",,
"2003-09-15",-0.5,-0.5101
"2003-09-22",-0.5119,-0.5266
"2003-09-23",-0.503,-0.5113
"2003-09-30",-0.4897,-0.4865
"2003-10-01",-0.4105,-0.3354
"2003-10-08",-0.4991,-0.4953
"2003-10-09",-0.503,-0.5091
"2003-10-16",-0.3145,-0.3363
"2003-10-17",-0.4934,-0.4857
"2003-10-24",-0.4994,-0.4969
"2003-10-25",-0.4338,
"2003-11-01",,
"2003-11-02",-0.437,-0.3629
"2003-11-09",-0.3645,-0.3205
"2003-11-10",-0.4878,-0.4689
"2003-11-17",-0.4754,-0.4693
"2003-11-18",-0.491,-0.4611
"2003-11-25",0.4459,0.4216
"2003-11-26",0.0036,0.3108
"2003-12-03",,
"2003-12-04",-0.4255,-0.3604
"2003-12-11",0.4275,0.4569
"2003-12-12",0.4239,0.4462
"2003-12-19",0.2895,0.3806
"2003-12-20",,
"2003-12-27",-0.0056,0.2463
"2003-12-28",-0.0597,0.1916
"2004-01-04",0.6248,0.5702
"2004-01-05",0.6029,0.4859
"2004-01-12",-0.0143,0.1399
"2004-01-13",-0.4422,-0.0978
"2004-01-21",0.6298,0.6407
"2004-01-28",0.544,0.4173
"2004-01-29",,
"2004-02-05",0.6353,0.5783
"2004-02-06",0.6663,0.6122
"2004-02-13",,
"2004-02-14",0.7061,0.5664
"2004-02-21",,
"2004-02-22",,
"2004-02-29",0.5133,0.5278
"2004-03-01",0.2243,0.4287
"2004-03-08",0.0103,0.2887
"2004-03-09",-0.2697,0.1133
"2004-03-16",,
"2004-03-17",-0.4671,-0.306
"2004-03-24",,-0.2047
"2004-03-25",-0.4674,-0.455
"2004-04-01",-0.4306,-0.414
"2004-04-02",,
"2004-04-17",-0.4833,-0.4912
"2004-04-18",-0.406,
"2004-04-25",,
"2004-04-26",-0.4042,-0.2884
"2004-05-03",-0.469,-0.4813
"2004-05-04",-0.448,-0.4194
"2004-05-11",-0.4937,-0.4967
"2004-05-12",,
"2004-05-19",-0.2314,
"2004-05-20",,
"2004-05-27",-0.4962,-0.5022
"2004-05-28",,
"2004-06-04",,-0.3388
"2004-06-05",-0.4737,-0.4693
"2004-06-12",-0.0461,-0.2047
"2004-06-13",-0.4598,
"2004-06-20",-0.4785,-0.4834
"2004-06-21",,
"2004-06-28",-0.4712,-0.4745
"2004-06-29",-0.4243,-0.1427
"2004-07-06",-0.4899,-0.5121
"2004-07-07",-0.4917,-0.5084
"2004-07-14",-0.4867,-0.4951
"2004-07-15",-0.4667,-0.4722
"2004-07-22",-0.3891,-0.3928
"2004-07-30",,-0.3292
"2004-07-31",-0.4692,-0.4727
"2004-08-07",,
"2004-08-08",-0.4885,-0.5047
"2004-08-15",-0.4967,-0.4972
"2004-08-16",-0.4649,-0.4611
"2004-08-23",-0.2694,
"2004-08-24",-0.4205,-0.4665
"2004-08-31",-0.4817,-0.4956
"2004-09-01",-0.4838,-0.4946
"2004-09-08",-0.4703,-0.4747
"2004-09-09",-0.4808,-0.4964
"2004-09-16",-0.5102,-0.5186
"2004-09-17",-0.482,-0.4776
"2004-09-24",-0.4805,-0.4657
"2004-09-25",-0.4688,-0.4743
"2004-10-02",-0.5042,-0.4973
"2004-10-03",-0.4644,-0.4449
"2004-10-10",-0.42,-0.435
"2004-10-11",-0.3587,-0.3489
"2004-10-18",-0.4759,-0.4987
"2004-10-26",-0.4891,-0.466
"2004-10-27",-0.2137,
"2004-11-03",0.4291,0.4867
"2004-11-04",,
"2004-11-11",0.0536,0.6317
"2004-11-12",,
"2004-11-19",-0.4869,-0.2238
"2004-12-05",0.4119,0.4253
"2004-12-06",0.2817,0.4279
"2004-12-13",-0.2582,
"2004-12-14",-0.3048,
"2004-12-21",-0.0657,0.1361
"2004-12-22",0.5125,0.6187
"2004-12-30",-0.3859,0.2933
"2005-01-06",0.6199,0.5642
"2005-01-07",0.5203,0.4817
"2005-01-14",0.6304,0.5039
"2005-01-15",0.617,0.4897
"2005-01-22",-0.0131,0.1836
"2005-01-23",-0.2292,0.0972
"2005-01-31",0.5681,0.5546
"2005-02-07",,
"2005-02-08",0.0887,0.2403
"2005-02-15",-0.0972,
"2005-02-16",,
"2005-02-23",,
"2005-02-24",-0.3875,0.2983
"2005-03-03",-0.1716,0.1484
"2005-03-04",-0.4121,-0.1652
"2005-03-11",-0.2863,-0.0144
"2005-03-12",-0.3461,-0.1286
"2005-03-19",,
"2005-03-20",-0.1164,0.2475
"2005-03-27",-0.3863,0.4458
"2005-03-28",-0.2087,
"2005-04-04",-0.3813,0.0023
"2005-04-12",0.9459,0.7924
"2005-04-13",0.7803,0.6674
"2005-04-20",-0.4579,-0.4508
"2005-04-21",-0.4821,-0.4826
"2005-04-28",-0.2304,-0.182
"2005-05-06",,
"2005-05-07",-0.3794,-0.2202
"2005-05-14",-0.1657,
"2005-05-15",-0.4292,-0.4623
"2005-05-22",-0.4678,-0.4947
"2005-05-23",-0.4699,-0.4953
"2005-05-30",-0.3283,-0.4375
"2005-05-31",-0.4468,-0.4691
"2005-06-07",-0.4712,-0.477
"2005-06-08",-0.4779,-0.4902
"2005-06-15",-0.4555,-0.4701
"2005-06-16",-0.4556,-0.4491
"2005-06-23",,
"2005-06-24",-0.4721,-0.4758
"2005-07-01",-0.4177,-0.4877
"2005-07-02",-0.4478,-0.4529
"2005-07-09",-0.3934,-0.4375
"2005-07-10",-0.4664,-0.2751
"2005-07-17",-0.4585,-0.4823
"2005-07-18",-0.4537,-0.4534
"2005-07-26",-0.3006,-0.4384
"2005-08-02",-0.4932,-0.4958
"2005-08-03",-0.4522,-0.4576
"2005-08-10",-0.3473,-0.2266
"2005-08-11",-0.3404,
"2005-08-18",-0.4963,-0.5146
"2005-08-19",,
"2005-08-26",-0.4432,-0.4724
"2005-08-27",-0.4811,-0.3967
"2005-09-03",-0.4865,-0.4846
"2005-09-04",-0.4648,-0.4653
"2005-09-11",-0.4905,-0.4973
"2005-09-12",-0.4978,-0.5053
"2005-09-19",-0.5104,-0.5125
"2005-09-20",-0.4353,-0.3666
"2005-09-27",-0.4785,-0.4497
"2005-10-06",-0.4696,-0.4313
"2005-10-13",-0.2268,0.0917
"2005-10-14",-0.4615,-0.3764
"2005-10-21",-0.4248,-0.4288
"2005-10-22",-0.476,-0.4469
"2005-10-29",,0.0155
"2005-10-30",-0.4557,-0.4557
"2005-11-06",-0.3238,
"2005-11-07",-0.437,-0.3936
"2005-11-14",-0.378,-0.2141
"2005-11-15",0.5756,0.5684
"2005-11-22",-0.2435,-0.031
"2005-11-23",-0.4378,-0.1801
"2005-12-01",,
"2005-12-08",0.6154,0.5504
"2005-12-17",0.187,0.3925
"2005-12-24",,
"2006-01-02",-0.4269,-0.2427
"2006-01-09",-0.4134,-0.2935
"2006-01-10",-0.3678,-0.2239
"2006-01-17",0.0155,0.2667
"2006-01-18",-0.3846,-0.0768
"2006-01-25",,
"2006-01-26",0.6117,0.5606
"2006-02-03",-0.3037,0.1189
"2006-02-10",0.5143,0.6001
"2006-02-11",0.5196,0.5062
"2006-02-18",0.46,0.5439
"2006-02-19",0.2338,0.3864
"2006-02-26",-0.2656,-0.0372
"2006-02-27",-0.3859,-0.1701
"2006-03-06",-0.3538,-0.3446
"2006-03-07",-0.4793,-0.4594
"2006-03-14",-0.3877,0.31
"2006-03-23",-0.235,0.1559
"2006-03-30",-0.4826,-0.4992
"2006-03-31",,
"2006-04-07",,
"2006-04-08",-0.4804,-0.4849
"2006-04-15",,
"2006-04-16",-0.4629,-0.4602
"2006-04-23",-0.4691,-0.4812
"2006-04-24",,
"2006-05-01",-0.4809,-0.4898
"2006-05-02",-0.4291,-0.4525
"2006-05-09",-0.1755,-0.1229
"2006-05-10",-0.4679,-0.2268
"2006-05-17",-0.4425,-0.4638
"2006-05-18",-0.4245,-0.4433
"2006-05-25",-0.4335,-0.4211
"2006-05-26",,
"2006-06-02",-0.4807,-0.4498
"2006-06-03",-0.3679,-0.4075
"2006-06-10",,
"2006-06-11",-0.4716,-0.4808
"2006-06-18",-0.4957,-0.5178
"2006-06-19",-0.4623,-0.4892
"2006-06-26",-0.4219,-0.4348
"2006-06-27",-0.4696,-0.4094
"2006-07-04",-0.4796,-0.494
"2006-07-05",-0.3661,-0.3447
"2006-07-12",-0.2875,-0.3436
"2006-07-13",-0.4863,-0.498
"2006-07-20",-0.487,-0.5087
"2006-07-21",-0.4459,-0.4081
"2006-07-28",-0.2847,
"2006-07-29",-0.4513,-0.514
"2006-08-06",,
"2006-08-13",-0.4354,-0.421
"2006-08-14",-0.4695,-0.4964
"2006-08-21",-0.4031,-0.3677
"2006-08-22",-0.2488,-0.2374
"2006-08-29",-0.4833,-0.5074
"2006-08-30",-0.4892,-0.5075
"2006-09-06",-0.3749,-0.347
"2006-09-07",-0.4334,-0.39
"2006-09-14",-0.4498,-0.4225
"2006-09-15",-0.477,-0.4771
"2006-09-23",,
"2006-09-30",-0.5015,-0.4978
"2006-10-01",,
"2006-10-16",-0.4268,-0.3927
"2006-10-24",,
"2006-10-25",-0.2436,-0.2925
"2006-11-01",0.2308,0.4271
"2006-11-02",0.1391,0.3213
"2006-11-09",-0.4777,-0.3797
"2006-11-10",-0.4535,-0.379
"2006-11-17",-0.4557,-0.3629
"2006-11-18",-0.48,-0.3995
"2006-11-25",-0.487,-0.4252
"2006-11-26",-0.4492,-0.3938
"2006-12-03",0.6892,0.6812
"2006-12-04",0.6714,0.5542
"2006-12-11",0.3387,0.4791
"2006-12-12",,
"2006-12-19",0.0063,0.206
"2006-12-27",0.7313,0.5743
"2007-01-04",0.7413,0.6003
"2007-01-12",0.6655,0.5985
"2007-01-13",0.574,0.5351
"2007-01-20",,
"2007-01-21",,
"2007-01-28",0.7358,0.5474
"2007-01-29",0.7302,0.5931
"2007-02-05",0.722,0.5984
"2007-02-06",0.8075,0.6436
"2007-02-13",,
"2007-02-14",0.5978,0.5592
"2007-02-21",0.5637,0.6277
"2007-02-22",0.535,0.6149
"2007-03-01",0.8285,0.6291
"2007-03-02",,
"2007-03-09",0.355,0.4156
"2007-03-10",,
"2007-03-17",,
"2007-03-18",-0.2259,-0.0597
"2007-03-25",-0.3998,-0.047
"2007-03-26",-0.464,-0.3477
"2007-04-02",-0.3705,-0.4504
"2007-04-03",-0.4781,-0.4625
"2007-04-11",-0.489,-0.4607
"2007-04-18",-0.4938,-0.4928
"2007-04-19",-0.4764,-0.4874
"2007-04-26",0.7542,0.7426
"2007-04-27",0.0316,0.6618
"2007-05-05",-0.414,
"2007-05-12",-0.4639,-0.4757
"2007-05-13",-0.4266,-0.426
"2007-05-20",-0.4429,-0.3795
"2007-05-21",-0.1682,
"2007-05-28",,-0.361
"2007-05-29",-0.4691,-0.4054
"2007-06-05",,
"2007-06-13",,
"2007-06-14",-0.4082,-0.339
"2007-06-21",-0.2705,-0.4462
"2007-06-22",,-0.3765
"2007-06-29",-0.4658,-0.4769
"2007-06-30",-0.4822,-0.4886
"2007-07-07",-0.4947,-0.5053
"2007-07-08",-0.4144,-0.3601
"2007-07-15",-0.4599,-0.4319
"2007-07-16",-0.4917,-0.4878
"2007-07-23",-0.4223,-0.4983
"2007-07-24",-0.4666,-0.4459
"2007-07-31",-0.4367,-0.4385
"2007-08-01",-0.4858,-0.4427
"2007-08-08",-0.5116,-0.529
"2007-08-09",-0.4754,-0.4906
"2007-08-16",-0.4862,-0.4723
"2007-08-17",-0.4289,-0.5081
"2007-08-24",-0.5004,-0.4795
"2007-08-25",-0.4833,-0.4947
"2007-09-01",-0.3675,-0.4455
"2007-09-02",-0.5036,-0.5052
"2007-09-09",-0.3927,-0.435
"2007-09-17",,
"2007-09-18",-0.5062,-0.4901
"2007-09-25",-0.5354,-0.5282
"2007-09-26",-0.5014,-0.4848
"2007-10-03",-0.5146,-0.5004
"2007-10-04",-0.5208,-0.4983
"2007-10-11",-0.528,-0.5066
"2007-10-20",-0.5198,-0.4893
"2007-10-27",-0.4547,-0.4069
"2007-11-05",-0.5118,-0.4705
"2007-11-12",,
"2007-11-21",0.63,0.6325
"2007-11-28",0.0942,
"2007-12-14",0.3915,0.4974
"2007-12-23",0.5101,0.4363
"2007-12-30",0.6382,0.5153
"2008-01-08",0.6302,0.6342
"2008-01-15",,
"2008-01-24",0.5084,0.5012
"2008-01-31",0.5664,0.5169
"2008-02-01",0.3181,0.4203
"2008-02-08",0.4846,0.4808
"2008-02-09",0.4476,0.5361
"2008-02-16",0.1632,0.4344
"2008-02-25",,
"2008-03-03",0.8034,0.6047
"2008-03-04",0.6332,0.5832
"2008-03-11",0.0664,0.4525
"2008-03-12",,
"2008-03-19",-0.1195,0.3262
"2008-03-20",-0.3349,0.1257
"2008-03-27",-0.2199,-0.0517
"2008-03-28",-0.4155,-0.1381
"2008-04-04",-0.4935,-0.4136
"2008-04-05",-0.2194,-0.2474
"2008-04-12",0.0123,0.3541
"2008-04-13",-0.4726,-0.3369
"2008-04-20",-0.5016,-0.5027
"2008-04-21",-0.4695,-0.4597
"2008-04-28",,
"2008-04-29",,
"2008-05-06",-0.3837,-0.4336
"2008-05-07",-0.34,
"2008-05-14",-0.2982,-0.2846
"2008-05-15",,
"2008-05-22",,
"2008-05-23",-0.4106,-0.431
"2008-05-30",-0.4792,-0.4952
"2008-05-31",-0.4806,-0.492
"2008-06-07",-0.5001,-0.5213
"2008-06-08",-0.3861,
"2008-06-15",-0.4725,-0.4822
"2008-06-16",,
"2008-06-23",-0.1996,
"2008-06-24",-0.4615,-0.4669
"2008-07-01",,
"2008-07-02",-0.4825,-0.4887
"2008-07-09",-0.504,-0.5089
"2008-07-10",-0.4369,-0.4468
"2008-07-17",-0.3683,
"2008-07-18",-0.4856,-0.493
"2008-07-25",-0.4945,-0.4777
"2008-07-26",,
"2008-08-02",-0.4219,-0.4477
"2008-08-03",-0.4827,-0.4397
"2008-08-11",-0.4652,-0.4673
"2008-08-18",-0.4469,-0.4402
"2008-08-19",-0.4821,-0.4865
"2008-08-26",-0.5059,-0.5049
"2008-08-27",-0.4687,-0.4697
"2008-09-03",-0.4836,-0.4841
"2008-09-04",-0.5008,-0.5016
"2008-09-11",-0.4864,-0.478
"2008-09-19",-0.4473,-0.4172
"2008-09-20",-0.4912,-0.4789
"2008-09-27",-0.5351,-0.5293
"2008-09-28",-0.4544,-0.4302
"2008-10-05",,
"2008-10-06",-0.4993,-0.4851
"2008-10-13",-0.2956,
"2008-10-21",,
"2008-10-22",0.5505,0.5395
"2008-10-29",-0.5148,-0.4921
"2008-10-30",-0.4462,-0.4091
"2008-11-06",-0.4612,-0.4149
"2008-11-07",-0.4897,-0.4529
"2008-11-14",0.4257,
"2008-11-15",-0.4043,-0.3248
"2008-11-22",-0.4717,-0.4287
"2008-11-23",-0.4958,-0.4216
"2008-11-30",,
"2008-12-09",0.4792,0.4245
"2008-12-16",,
"2008-12-25",-0.2064,0.5304
"2009-01-01",-0.1173,
"2009-01-09",,
"2009-01-10",,0.5113
"2009-01-17",0.1531,0.3891
"2009-01-18",-0.2591,0.3654
"2009-01-25",-0.2874,0.2789
"2009-01-26",,
"2009-02-02",-0.1886,0.0392
"2009-02-03",-0.4364,-0.2508
"2009-02-10",,
"2009-02-11",-0.3694,
"2009-02-18",-0.3296,-0.0555
"2009-02-19",-0.4472,-0.2821
"2009-02-26",-0.4729,-0.3063
"2009-02-27",-0.4506,-0.3346
"2009-03-06",-0.4928,-0.4649
"2009-03-07",-0.4494,0.2441
"2009-03-14",-0.5062,-0.4951
"2009-03-15",-0.4837,-0.4627
"2009-03-22",-0.5018,-0.4967
"2009-03-23",,
"2009-03-30",-0.3843,-0.1183
"2009-03-31",-0.4204,-0.1616
"2009-04-07",-0.4564,-0.2597
"2009-04-08",-0.5004,-0.4352
"2009-04-15",-0.4975,-0.5034
"2009-04-16",,
"2009-04-23",-0.4597,-0.4073
"2009-04-24",-0.3908,-0.3512
"2009-05-01",-0.3498,-0.2816
"2009-05-09",,-0.2674
"2009-05-10",,
"2009-05-17",-0.4788,-0.4964
"2009-05-18",-0.4455,-0.4503
"2009-05-25",,
"2009-06-02",,
"2009-06-03",-0.3924,-0.4689
"2009-06-10",,
"2009-06-18",-0.4389,-0.4189
"2009-06-19",-0.4892,-0.5007
"2009-06-27",-0.4696,-0.4847
"2009-07-04",-0.4332,-0.3554
"2009-07-05",-0.4396,-0.477
"2009-07-12",-0.3283,-0.4145
"2009-07-13",-0.4697,-0.4842
"2009-07-20",,
"2009-07-21",-0.4616,-0.4703
"2009-07-28",-0.4562,-0.3739
"2009-07-29",-0.2419,
"2009-08-05",-0.4837,-0.4938
"2009-08-06",-0.2913,-0.4804
"2009-08-13",-0.4103,-0.4266
"2009-08-21",-0.4848,-0.4966
"2009-08-29",-0.3879,-0.28
"2009-08-30",-0.3885,-0.346
"2009-09-07",-0.4997,-0.4679
"2009-09-14",-0.5057,-0.4907
"2009-09-15",-0.4905,-0.4736
"2009-09-22",-0.393,-0.2127
"2009-09-30",-0.5074,-0.4853
"2009-10-01",-0.5135,-0.4766
"2009-10-08",,
"2009-10-09",-0.4351,-0.4372
"2009-10-16",-0.523,-0.5049
"2009-10-17",-0.5231,-0.49
"2009-10-24",0.1398,0.3245
"2009-10-25",,
"2009-11-01",0.4136,0.385
"2009-11-02",-0.2086,0.0513
"2009-11-09",,
"2009-11-10",-0.4632,-0.3637
"2009-11-17",0.7644,0.641
"2009-11-18",0.7028,0.5713
"2009-11-25",,0.2625
"2009-11-26",-0.3008,0.147
"2009-12-03",0.4976,0.6283
"2009-12-04",0.2574,0.4684
"2009-12-11",0.5311,0.4862
"2009-12-12",0.4562,0.4978
"2009-12-19",0.0546,0.3463
"2009-12-28",0.6005,0.523
"2010-01-04",0.1904,0.3541
"2010-01-12",0.0267,0.2596
"2010-01-13",-0.3281,
"2010-01-20",,
"2010-01-21",,
"2010-01-28",0.5954,0.5305
"2010-01-29",0.6105,0.5854
"2010-02-05",,0.5544
"2010-02-06",,
"2010-02-13",0.7221,
"2010-02-14",0.2472,0.5154
"2010-02-22",,
"2010-03-01",0.3691,
"2010-03-02",0.0496,0.5965
"2010-03-09",-0.0254,0.3989
"2010-03-10",0.1896,0.512
"2010-03-17",-0.1158,0.3345
"2010-03-18",-0.2743,0.2002
"2010-03-25",0.8052,0.6121
"2010-03-26",0.7475,0.6561
"2010-04-02",,
"2010-04-03",-0.3253,-0.206
"2010-04-10",-0.4809,-0.2368
"2010-04-11",,
"2010-04-18",,
"2010-04-19",,-0.4281
"2010-04-26",-0.1518,0.2604
"2010-04-27",-0.4722,-0.4335
"2010-05-04",-0.4667,-0.4725
"2010-05-05",-0.4543,-0.4073
"2010-05-12",-0.3796,-0.2288
"2010-05-20",-0.498,-0.4912
"2010-05-21",-0.4735,-0.4919
"2010-05-28",-0.4921,-0.4931
"2010-05-29",-0.413,-0.4895
"2010-06-05",-0.2704,
"2010-06-06",-0.4809,-0.4823
"2010-06-13",-0.052,-0.3105
"2010-06-14",-0.3852,-0.3798
"2010-06-21",-0.4792,-0.4784
"2010-06-22",,-0.3105
"2010-06-29",-0.5015,-0.453
"2010-06-30",-0.463,-0.4682
"2010-07-07",-0.4292,-0.4185
"2010-07-08",-0.4794,-0.4705
"2010-07-15",-0.5064,-0.5227
"2010-07-16",-0.4768,-0.4881
"2010-07-23",,
"2010-07-24",-0.3125,-0.3818
"2010-07-31",-0.5055,-0.4902
"2010-08-01",-0.3369,
"2010-08-08",-0.4289,-0.4587
"2010-08-09",-0.4094,-0.3979
"2010-08-16",,
"2010-08-17",-0.4812,-0.4929
"2010-08-24",-0.4613,
"2010-08-25",-0.4988,-0.5028
"2010-09-01",-0.5132,-0.5236
"2010-09-02",-0.5054,-0.5112
"2010-09-09",-0.5294,-0.536
"2010-09-10",-0.5004,-0.491
"2010-09-17",-0.5134,-0.5135
"2010-09-18",-0.5128,-0.5047
"2010-09-25",-0.5406,-0.5376
"2010-09-26",-0.5091,-0.5012
"2010-10-03",-0.5028,-0.4768
"2010-10-04",,
"2010-10-11",-0.5059,-0.4714
"2010-10-19",-0.4942,-0.4559
"2010-10-20",-0.536,-0.5161
"2010-10-28",-0.5045,-0.4566
"2010-11-04",-0.4533,-0.4309
"2010-11-05",-0.5172,-0.4196
"2010-11-12",-0.2946,-0.2476
"2010-11-13",-0.393,-0.3854
"2010-11-20",-0.5051,-0.4573
"2010-11-21",-0.3896,-0.4136
"2010-11-28",-0.5311,-0.4735
"2010-12-06",,
"2010-12-07",-0.4405,-0.3723
"2010-12-14",-0.4869,-0.3957
"2010-12-15",,
"2010-12-22",,
"2010-12-23",-0.5167,-0.3289
"2010-12-30",,
"2010-12-31",,
"2011-01-07",0.4868,0.5327
"2011-01-08",0.3602,0.4402
"2011-01-15",0.4791,
"2011-01-23",0.1417,0.3876
"2011-01-24",,
"2011-01-31",,
"2011-02-01",0.5058,0.4864
"2011-02-09",0.6042,0.5993
"2011-02-16",0.1162,0.4323
"2011-02-17",-0.1199,0.447
"2011-02-24",-0.1699,0.6641
"2011-02-25",,
"2011-03-04",,
"2011-03-05",,
"2011-03-12",-0.4669,-0.2089
"2011-03-13",-0.4667,-0.276
"2011-03-20",,
"2011-03-21",-0.4825,-0.4493
"2011-03-28",-0.2341,-0.4146
"2011-03-29",-0.4746,-0.2511
"2011-04-05",-0.5065,-0.514
"2011-04-06",,
"2011-04-13",-0.4552,-0.4517
"2011-04-14",,
"2011-04-21",-0.4696,-0.4866
"2011-04-22",-0.4708,-0.4515
"2011-04-29",-0.4708,-0.4653
"2011-04-30",-0.4564,-0.4503
"2011-05-07",-0.4541,-0.4607
"2011-05-08",-0.4697,-0.4719
"2011-05-15",,
"2011-05-16",-0.4543,-0.4586
"2011-05-23",-0.4426,-0.2377
"2011-05-31",-0.49,-0.5017
"2011-06-01",,
"2011-06-08",-0.4578,-0.4818
"2011-06-09",-0.4681,-0.4766
"2011-06-16",-0.4532,-0.3794
"2011-06-17",,
"2011-06-24",-0.4659,-0.3813
"2011-06-25",-0.4845,-0.4927
"2011-07-02",-0.4911,-0.4972
"2011-07-03",-0.4312,-0.2853
"2011-07-10",,
"2011-07-11",-0.4856,-0.4599
"2011-07-18",-0.499,-0.4798
"2011-07-19",-0.5078,-0.5151
"2011-07-26",-0.4536,-0.4456
"2011-07-27",-0.4925,-0.4704
"2011-08-03",-0.4946,-0.5011
"2011-08-04",-0.4279,-0.3853
"2011-08-11",-0.518,-0.5297
"2011-08-12",-0.4972,-0.5058
"2011-08-19",,
"2011-08-20",-0.5171,-0.5304
"2011-08-27",-0.5152,-0.531
"2011-08-28",-0.4953,-0.4951
"2011-09-04",-0.5152,-0.5121
"2011-09-05",-0.4173,-0.4964
"2011-09-12",-0.5053,-0.4917
"2011-09-20",-0.5098,-0.4472
"2011-09-21",-0.5131,-0.5063
"2011-09-28",-0.52,-0.512
"2011-09-29",-0.4936,-0.4663
"2011-10-06",,
"2011-10-07",-0.5199,-0.4899
"2011-10-14",-0.5291,-0.5141
"2011-10-15",-0.394,-0.2546
"2011-10-22",-0.511,-0.4786
"2011-10-23",-0.5085,-0.4724
"2011-10-30",-0.4407,0.0402
"2011-10-31",-0.4835,-0.2886
"2011-11-07",-0.1055,0.403
"2011-11-15",-0.3942,-0.1744
"2011-11-16",-0.4463,-0.2173
"2011-11-23",-0.479,-0.3107
"2011-12-02",0.5675,0.5078
"2011-12-09",0.4157,0.4393
"2011-12-18",-0.0443,0.3375
"2011-12-25",0.7691,0.5857
"2012-01-03",,
"2012-01-10",0.0986,0.2418
"2012-01-19",-0.0322,0.1266
"2012-01-26",-0.2713,0.02
"2012-02-04",0.6155,0.7467
"2012-02-11",0.5976,0.5306
"2012-02-20",0.0498,0.297
"2012-02-27",-0.2246,0.1925
"2012-03-07",-0.2863,-0.0942
"2012-03-14",-0.3064,-0.1961
"2012-03-23",-0.4861,-0.446
"2012-03-30",-0.4851,-0.4691
"2012-04-08",-0.4712,-0.4765
"2012-04-15",0.9333,0.8613
"2012-04-24",-0.4203,-0.4656
"2012-05-01",-0.3486,-0.3515
"2012-05-10",-0.4766,-0.4832
"2012-05-17",,
"2012-05-26",-0.4769,-0.4721
"2012-06-02",-0.4825,-0.4816
"2012-06-11",-0.4701,-0.4693
"2012-06-18",-0.4933,-0.497
"2012-06-27",,
"2012-07-04",-0.4868,-0.4571
"2012-07-13",-0.4968,-0.4938
"2012-07-20",-0.5106,-0.5151
"2012-07-29",-0.3992,-0.4877
"2012-08-05",-0.5118,-0.5232
"2012-08-21",-0.4917,-0.4772
"2012-08-30",-0.4934,-0.4894
"2012-09-06",-0.4893,-0.5236
"2012-09-15",-0.4836,-0.4687
"2012-09-22",-0.4822,-0.4526
"2012-10-01",-0.4601,-0.4238
"2012-10-08",-0.5212,-0.513
"2012-10-17",-0.5096,-0.4875
"2012-10-24",-0.513,-0.5011
"2012-11-02",,
"2012-11-09",-0.514,-0.4879
"2012-11-18",-0.4914,-0.4466
"2012-11-25",-0.474,-0.4053
"2012-12-04",,
"2012-12-11",0.7016,0.5588
"2012-12-20",0.6458,0.5318
"2012-12-27",0.5272,0.4736
"2013-01-05",0.7028,0.5438
"2013-01-12",0.232,0.4143
"2013-01-21",-0.2279,0.2094
"2013-01-28",,
"2013-02-06",-0.3882,-0.2886
"2013-02-13",,
"2013-02-22",0.6997,0.5648
"2013-03-01",0.5974,0.6096
"2013-03-10",0.6908,0.5731
"2013-03-17",-0.4526,-0.2262
"2013-03-18",-0.4934,-0.4451
"2013-03-26",0.3137,0.3715
"2013-04-02",,
"2013-04-05",,-0.4805
"2013-04-11",-0.3228,-0.2524
"2013-04-18",0.5424,0.55
"2013-04-19",-0.4709,-0.1232
"2013-04-27",-0.4691,-0.4793
"2013-05-04",-0.4279,-0.4409
"2013-05-05",,
"2013-05-12",-0.4421,-0.53
"2013-05-13",-0.3028,-0.2946
"2013-05-20",-0.3438,-0.2862
"2013-05-21",-0.4631,-0.4848
"2013-05-28",-0.2059,-0.2039
"2013-05-29",-0.4629,-0.2582
"2013-06-05",-0.4616,-0.338
"2013-06-06",-0.504,-0.5386
"2013-06-13",-0.3236,-0.3384
"2013-06-14",-0.4234,-0.3099
"2013-06-21",-0.494,-0.5054
"2013-06-22",-0.5023,-0.5065
"2013-06-29",,
"2013-06-30",,-0.4476
"2013-07-07",-0.3476,-0.2778
"2013-07-08",-0.4886,-0.4488
"2013-07-15",,
"2013-07-16",-0.486,-0.4917
"2013-07-23",-0.5026,-0.5287
"2013-07-24",,
"2013-07-31",-0.5271,-0.5538
"2013-08-01",,
"2013-08-08",-0.4212,-0.2797
"2013-08-09",-0.5049,-0.5314
"2013-08-16",-0.5221,-0.5044
"2013-08-17",,
"2013-08-24",-0.496,-0.5104
"2013-08-25",-0.5144,-0.5425
"2013-09-01",-0.4025,-0.4556
"2013-09-02",-0.4948,-0.5151
"2013-09-09",-0.4441,-0.497
"2013-09-10",,
"2013-09-17",-0.5339,-0.562
"2013-09-18",-0.3678,-0.4099
"2013-09-25",-0.5272,-0.5365
"2013-09-26",-0.5331,-0.5527
"2013-10-03",-0.5373,-0.5547
"2013-10-04",-0.4749,-0.4436
"2013-10-11",,0.0126
"2013-10-12",-0.5324,-0.5403
"2013-10-19",-0.5253,-0.4546
"2013-10-20",-0.2773,
"2013-10-27",-0.526,-0.5031
"2013-10-28",-0.4777,-0.244
"2013-11-04",-0.489,-0.5151
"2013-11-05",,
"2013-11-12",-0.5177,-0.4861
"2013-11-13",-0.5284,-0.5364
"2013-11-20",-0.5363,-0.5546
"2013-11-28",-0.4266,-0.0474
"2013-11-29",-0.5209,-0.382
"2013-12-06",0.7734,0.6259
"2013-12-07",0.6629,0.5055
"2013-12-14",0.2363,0.2086
"2013-12-15",0.0617,0.0241
"2013-12-22",0.6806,0.2629
"2013-12-23",0.1283,0.2162
"2013-12-30",0.3852,0.4237
"2013-12-31",-0.2182,0.1964
"2014-01-07",,
"2014-01-08",0.7334,0.5632
"2014-01-15",,
"2014-01-16",,
"2014-01-23",0.602,0.5755
"2014-01-24",0.0087,0.2452
"2014-02-01",,0.642
"2014-02-08",0.741,0.607
"2014-02-09",0.5838,0.6257
"2014-02-16",,
"2014-02-17",-0.313,0.2144
"2014-02-24",-0.3506,0.0104
"2014-02-25",-0.3717,-0.0074
"2014-03-04",-0.3563,-0.0704
"2014-03-05",0.6258,0.5638
"2014-03-12",0.6195,0.5962
"2014-03-13",-0.2014,0.1012
"2014-03-20",-0.4683,-0.1916
"2014-03-21",-0.4849,
"2014-03-28",-0.4985,-0.2549
"2014-03-29",-0.4554,-0.341
"2014-04-05",,
"2014-04-06",-0.2151,-0.0214
"2014-04-14",0.6339,0.6537
"2014-04-21",-0.4707,-0.3437
"2014-04-22",-0.4624,-0.4673
"2014-04-30",-0.3495,-0.4442
"2014-05-07",-0.3318,-0.4764
"2014-05-08",,-0.4756
"2014-05-15",-0.4033,
"2014-05-16",-0.3969,-0.3355
"2014-05-23",,
"2014-05-24",-0.2112,-0.2146
"2014-05-31",-0.5177,-0.5452
"2014-06-01",-0.4853,-0.5033
"2014-06-09",-0.5061,-0.5328
"2014-06-16",-0.5056,-0.5301
"2014-06-17",-0.4868,-0.4922
"2014-06-24",-0.4085,-0.4992
"2014-06-25",-0.5046,-0.5357
"2014-07-02",-0.4934,-0.5178
"2014-07-03",-0.4942,-0.5038
"2014-07-10",-0.4818,-0.2361
"2014-07-11",,
"2014-07-18",,
"2014-07-19",-0.4855,-0.465
"2014-07-26",-0.4577,-0.3808
"2014-07-27",-0.5221,-0.543
"2014-08-03",-0.5241,-0.5515
"2014-08-04",-0.4335,-0.284
"2014-08-11",-0.5191,-0.4955
"2014-08-12",-0.5222,-0.5374
"2014-08-19",-0.5226,-0.5111
"2014-08-20",-0.3604,-0.2606
"2014-08-27",-0.3652,-0.511
"2014-08-28",-0.371,
"2014-09-04",-0.382,-0.4278
"2014-09-05",-0.4652,-0.4736
"2014-09-12",-0.4409,-0.3997
"2014-09-13",-0.5296,-0.5488
"2014-09-20",-0.5354,-0.5534
"2014-09-21",,-0.0983
"2014-09-29",-0.4971,-0.5597
"2014-10-06",-0.3458,
"2014-10-07",-0.4869,-0.3447
"2014-10-14",-0.5299,-0.5125
"2014-10-15",,
"2014-10-22",,
"2014-10-23",,
"2014-10-30",-0.5224,-0.4928
"2014-10-31",-0.5306,-0.5256
"2014-11-07",,
"2014-11-08",-0.5166,-0.481
"2014-11-15",-0.2696,-0.1562
"2014-11-16",0.6379,0.4963
"2014-11-23",-0.3822,
"2014-11-24",,
"2014-12-01",-0.5078,-0.4422
"2014-12-02",-0.4131,-0.465
"2014-12-09",,
"2014-12-10",-0.4991,-0.4321
"2014-12-17",,
"2014-12-18",-0.2621,
"2014-12-25",-0.2433,-0.0411
"2015-01-02",0.7377,0.7221
"2015-01-03",,
"2015-01-10",-0.1264,-0.2384
"2015-01-11",,
"2015-01-18",-0.2014,0.1241
"2015-01-19",-0.3251,-0.1122
"2015-01-26",-0.0442,0.085
"2015-01-27",-0.2929,-0.1443
"2015-02-03",-0.3369,0.0044
"2015-02-04",,
"2015-02-12",,
"2015-02-19",-0.3907,-0.0228
"2015-02-20",-0.4989,-0.3818
"2015-02-27",0.7963,0.7722
"2015-02-28",,
"2015-03-07",0.1723,0.4641
"2015-03-08",-0.0698,0.2796
"2015-03-15",-0.4965,-0.3514
"2015-03-16",-0.4856,-0.3831
"2015-03-23",-0.4893,-0.4367
"2015-03-24",-0.5103,-0.4608
"2015-03-31",-0.5162,-0.5446
"2015-04-01",-0.2302,
"2015-04-08",-0.404,-0.4755
"2015-04-09",-0.5019,-0.5295
"2015-04-16",0.6177,0.6023
"2015-04-17",0.8623,0.772
"2015-04-25",-0.4632,-0.4954
"2015-05-02",-0.4601,-0.4958
"2015-05-03",,-0.438
"2015-05-10",,
"2015-05-11",0.0376,0.7825
"2015-05-18",,
"2015-05-26",-0.1284,
"2015-05-27",-0.4641,
"2015-06-03",-0.4404,-0.4598
"2015-06-04",-0.4929,-0.5053
"2015-06-11",,
"2015-06-12",,
"2015-06-19",-0.5214,-0.5356
"2015-06-20",-0.4938,-0.491
"2015-06-27",-0.5126,-0.5181
"2015-06-28",-0.5097,-0.5054
"2015-07-05",,
"2015-07-06",,
"2015-07-13",-0.3543,-0.42
"2015-07-14",-0.4523,-0.5234
"2015-07-21",-0.5169,-0.4858
"2015-07-22",-0.4857,-0.4998
"2015-07-29",-0.5056,-0.4791
"2015-07-30",-0.5212,-0.5395
"2015-08-06",-0.5281,-0.549
"2015-08-07",-0.353,
"2015-08-14",-0.5148,-0.5159
"2015-08-15",-0.5241,-0.5401
"2015-08-22",-0.5265,-0.5358
"2015-08-23",-0.485,-0.4014
"2015-08-30",-0.5175,-0.5051
"2015-08-31",-0.3922,-0.3573
"2015-09-07",,
"2015-09-08",-0.1521,
"2015-09-15",-0.5187,-0.3872
"2015-09-16",-0.5293,-0.5348
"2015-09-23",-0.542,-0.5534
"2015-09-24",-0.5073,-0.4926
"2015-10-01",,-0.1853
"2015-10-02",-0.53,-0.5381
"2015-10-09",-0.4205,-0.486
"2015-10-10",-0.5133,-0.4766
"2015-10-17",-0.5046,-0.4739
"2015-10-18",-0.4981,-0.5273
"2015-10-25",-0.5403,-0.5447
"2015-10-26",0.0668,
"2015-11-02",-0.5275,-0.4982
"2015-11-03",-0.5325,-0.5348
"2015-11-10",-0.5361,-0.5422
"2015-11-11",0.6751,0.6434
"2015-11-18",0.7643,0.6015
"2015-11-19",0.7662,0.5887
"2015-11-26",,
"2015-11-27",0.6649,0.6015
"2015-12-04",0.3162,0.4586
"2015-12-05",,
"2015-12-13",,
"2015-12-20",0.3159,0.5039
"2015-12-21",0.373,0.3681
"2015-12-28",0.6526,0.2258
"2015-12-29",0.4972,0.458
"2016-01-05",0.2649,0.4746
"2016-01-06",0.4519,0.4176
"2016-01-13",0.4715,0.3923
"2016-01-14",0.4355,0.5276
"2016-01-21",0.2022,0.4506
"2016-01-22",-0.1143,0.3333
"2016-01-29",0.0857,0.2937
"2016-01-30",-0.2272,
"2016-02-06",,
"2016-02-07",0.8069,0.6655
"2016-02-14",0.6149,
"2016-02-15",,
"2016-02-22",,
"2016-03-01",-0.3653,-0.0495
"2016-03-02",,
"2016-03-09",-0.3518,-0.1238
"2016-03-10",-0.5015,-0.4004
"2016-03-17",-0.5107,-0.3799
"2016-03-18",,
"2016-04-02",-0.0895,0.4087
"2016-04-03",-0.4346,-0.3192
"2016-04-10",,
"2016-04-11",-0.4804,-0.4707
"2016-04-18",,
"2016-04-19",,
"2016-04-26",0.0101,
"2016-04-27",-0.4731,-0.4159
"2016-05-04",-0.5175,-0.5173
"2016-05-05",-0.4812,-0.4903
"2016-05-12",-0.5071,-0.5187
"2016-05-13",-0.5036,-0.5144
"2016-05-20",-0.3254,
"2016-05-21",-0.4529,-0.4519
"2016-05-28",-0.3781,-0.3934
"2016-05-29",-0.5029,-0.5447
"2016-06-05",-0.5133,-0.4531
"2016-06-13",-0.4949,-0.4912
"2016-06-14",-0.5183,-0.5311
"2016-06-21",-0.4084,-0.4618
"2016-06-22",-0.4924,-0.4813
"2016-06-29",,
"2016-06-30",-0.3849,
"2016-07-07",-0.5295,-0.5375
"2016-07-08",-0.4993,-0.4982
"2016-07-15",,-0.4193
"2016-07-16",-0.5208,-0.5411
"2016-07-23",-0.5207,-0.5569
"2016-07-24",-0.5014,-0.4256
"2016-07-31",-0.4037,-0.4228
"2016-08-01",-0.5223,-0.5088
"2016-08-08",-0.4278,-0.5133
"2016-08-09",-0.5132,-0.5098
"2016-08-16",-0.4155,-0.4617
"2016-08-17",-0.4907,-0.4056
"2016-08-24",,
"2016-08-25",-0.5039,-0.4813
"2016-09-01",-0.5107,-0.4838
"2016-09-02",,
"2016-09-09",-0.5366,-0.5527
"2016-09-10",-0.5169,-0.501
"2016-09-17",-0.5241,-0.4842
"2016-09-18",-0.5339,-0.5439
"2016-09-25",-0.5381,-0.5354
"2016-09-26",-0.517,-0.4924
"2016-10-03",-0.5206,-0.4883
"2016-10-04",-0.5289,-0.5293
"2016-10-11",-0.5287,-0.5406
"2016-10-12",-0.4286,-0.3391
"2016-10-19",-0.5117,-0.4731
"2016-10-20",-0.5276,-0.5326
"2016-10-27",-0.5382,-0.5477
"2016-10-28",,
"2016-11-04",-0.4813,-0.4304
"2016-11-05",,
"2016-11-12",-0.5323,-0.5369
"2016-11-13",,
"2016-11-20",-0.297,-0.1301
"2016-11-21",-0.4987,-0.4825
"2016-11-28",-0.4595,-0.2066
"2016-11-29",-0.3003,0.0341
"2016-12-06",-0.4675,-0.1173
"2016-12-07",0.6671,0.6528
"2016-12-14",-0.3964,-0.185
"2016-12-15",,
"2016-12-23",0.0607,0.225
"2016-12-30",-0.2901,-0.0379
"2016-12-31",-0.2646,0.1283
"2017-01-07",0.6154,0.5573
"2017-01-08",,
"2017-01-15",,
"2017-01-23",-0.0811,0.1958
"2017-01-24",,
"2017-01-31",-0.2907,-0.182
"2017-02-01",-0.404,-0.013
"2017-02-09",,
"2017-02-16",-0.4715,-0.3921
"2017-02-17",-0.3145,
"2017-02-24",,
"2017-02-25",-0.2278,-0.0024
"2017-03-04",-0.5064,-0.5251
"2017-03-05",,
"2017-03-13",,
"2017-03-20",-0.3656,
"2017-03-21",-0.4288,-0.3731
"2017-03-28",-0.3653,-0.213
"2017-03-29",,
"2017-04-05",0.6726,0.7101
"2017-04-06",-0.3699,-0.2194
"2017-04-13",-0.4756,-0.4708
"2017-04-14",-0.4984,-0.5208
"2017-04-21",-0.4787,
"2017-04-30",0.6629,0.7081
"2017-05-07",,
"2017-05-08",,
"2017-05-15",-0.4727,-0.4987
"2017-05-16",-0.5037,-0.5285
"2017-05-23",-0.478,-0.4812
"2017-05-24",-0.4833,-0.4935
"2017-05-31",-0.3867,-0.1351
"2017-06-01",,
"2017-06-08",,
"2017-06-09",,
"2017-06-16",-0.4909,-0.4849
"2017-06-17",-0.318,
"2017-06-24",-0.5236,-0.5409
"2017-06-25",-0.4834,-0.4541
"2017-07-02",,-0.2627
"2017-07-03",,
"2017-07-10",-0.5219,-0.4558
"2017-07-11",-0.3658,-0.3833
"2017-07-18",,-0.388
"2017-07-19",-0.5266,-0.5478
"2017-07-26",,-0.5593
"2017-07-27",-0.4959,-0.4938
"2017-08-03",,
"2017-08-04",-0.5304,-0.5374
"2017-08-11",-0.3229,
"2017-08-12",-0.4761,-0.4927
"2017-08-19",-0.522,-0.4111
"2017-08-20",-0.5048,-0.3472
"2017-08-27",-0.5354,-0.5484
"2017-08-28",-0.5112,-0.4998
"2017-09-04",-0.4027,-0.4528
"2017-09-05",-0.506,-0.4963
"2017-09-12",-0.5448,-0.5557
"2017-09-20",-0.5295,-0.5155
"2017-09-21",-0.537,-0.5427
"2017-09-28",,
"2017-09-29",-0.4642,-0.3434
"2017-10-06",-0.4988,-0.2667
"2017-10-07",-0.537,-0.5381
"2017-10-14",-0.5389,-0.5421
"2017-10-15",-0.5222,-0.4842
"2017-10-22",-0.4007,-0.377
"2017-10-23",-0.5311,
"2017-10-30",,
"2017-10-31",-0.4908,-0.4111
"2017-11-07",-0.3066,
"2017-11-08",-0.3144,-0.048
"2017-11-15",-0.4999,-0.4576
"2017-11-16",,
"2017-11-23",,
"2017-11-24",,
"2017-12-01",-0.5349,-0.5373
"2017-12-02",-0.4987,-0.4385
"2017-12-09",-0.5142,-0.4361
"2017-12-10",-0.5266,-0.5133
"2017-12-17",-0.3807,-0.216
"2017-12-18",-0.4537,-0.2554
"2017-12-25",-0.455,-0.0698
"2017-12-26",-0.5054,-0.4779
"2018-01-02",-0.5314,-0.5431
"2018-01-03",-0.4545,-0.3456
"2018-01-10",,
"2018-01-11",-0.3502,-0.3275
"2018-01-18",-0.4701,
"2018-01-19",,
"2018-01-26",,
"2018-01-27",,
"2018-02-03",,
"2018-02-04",-0.4636,-0.3625
"2018-02-11",0.7797,0.6918
"2018-02-12",,
"2018-02-19",-0.3633,-0.4454
"2018-02-20",0.6174,0.6074
"2018-02-27",-0.41,-0.0039
"2018-02-28",-0.4721,-0.2558
"2018-03-07",-0.5144,-0.5109
"2018-03-08",-0.4859,-0.4366
"2018-03-15",-0.0918,
"2018-03-16",-0.4957,-0.5203
"2018-03-23",,
"2018-03-24",-0.462,-0.3804
"2018-03-31",-0.4215,-0.4369
"2018-04-01",-0.4837,-0.5107
"2018-04-08",-0.518,-0.5445
"2018-04-09",-0.4545,-0.4592
"2018-04-16",-0.4358,-0.4462
"2018-04-17",-0.4968,-0.5179
"2018-04-24",,
"2018-04-25",-0.4207,-0.1425
"2018-05-02",-0.2497,-0.3331
"2018-05-03",,
"2018-05-11",-0.4423,-0.4688
"2018-05-18",-0.4789,-0.4721
"2018-05-19",,
"2018-05-26",-0.2021,-0.195
"2018-05-27",-0.4052,-0.4758
"2018-06-03",,
"2018-06-04",-0.4994,-0.401
"2018-06-11",-0.5092,-0.5361
"2018-06-12",-0.4618,-0.4458
"2018-06-19",-0.4459,-0.4437
"2018-06-20",-0.4951,-0.5267
"2018-06-27",-0.5259,-0.4823
"2018-06-28",-0.4543,-0.5086
"2018-07-05",-0.3975,-0.211
"2018-07-06",-0.5223,-0.55
"2018-07-13",-0.4335,-0.4422
"2018-07-14",-0.4952,-0.4405
"2018-07-21",-0.501,-0.4624
"2018-07-22",-0.4782,
"2018-07-29",-0.5239,-0.5428
"2018-07-30",-0.4933,-0.4622
"2018-08-06",-0.5026,-0.4933
"2018-08-07",-0.525,-0.5451
"2018-08-14",-0.525,-0.5348
"2018-08-15",,
"2018-08-22",-0.3674,
"2018-08-23",-0.4841,-0.5292
"2018-08-30",-0.5364,-0.566
"2018-09-07",-0.5199,-0.5325
"2018-09-08",-0.5293,-0.5538
"2018-09-15",-0.5345,-0.5619
"2018-09-16",-0.5041,-0.5012
"2018-09-23",-0.52,-0.5225
"2018-09-24",,
"2018-10-01",-0.4147,-0.3006
"2018-10-02",,
"2018-10-17",,
"2018-10-18",-0.4586,-0.4278
"2018-10-25",-0.4842,-0.376
"2018-10-26",-0.5247,-0.543
"2018-11-02",-0.2615,0.3397
"2018-11-03",-0.2438,-0.0139
"2018-11-10",-0.5028,-0.3648
"2018-11-18",-0.1352,-0.0852
"2018-11-19",-0.3683,-0.1353
"2018-11-26",-0.081,0.1752
"2018-11-27",,
"2018-12-04",-0.3128,-0.0719
"2018-12-05",-0.3562,-0.0418
"2018-12-12",-0.3817,-0.1876
"2018-12-13",-0.4692,-0.4367
"2018-12-20",-0.4986,-0.4734
"2018-12-21",-0.2416,
"2018-12-28",-0.3595,0.1398
"2018-12-29",-0.4099,-0.3555
"2019-01-05",-0.1776,-0.3415
"2019-01-06",-0.2749,0.0613
"2019-01-13",0.7473,0.6704
"2019-01-14",0.812,0.6217
"2019-01-21",0.2856,0.3738
"2019-01-22",,
"2019-01-29",0.6245,0.5325
"2019-01-30",0.5491,0.4493
"2019-02-07",0.5779,0.5163
"2019-02-15",-0.4218,0.2492
"2019-02-22",0.0695,0.3283
"2019-02-23",0.7903,0.6139
"2019-03-02",-0.209,0.2381
"2019-03-03",0.8196,0.6751
"2019-03-10",-0.4427,-0.0185
"2019-03-11",,
"2019-03-18",0.7205,0.6652
"2019-03-19",0.3784,0.4759
"2019-03-26",,
"2019-03-27",-0.3389,-0.2698
"2019-04-04",,
"2019-04-11",,
"2019-04-12",,
"2019-04-19",-0.4951,-0.5223
"2019-04-20",,
"2019-04-27",-0.5142,-0.5521
"2019-04-28",-0.4585,-0.4863
"2019-05-05",-0.4761,-0.3463
"2019-05-06",-0.4514,
"2019-05-13",-0.4945,-0.4794
"2019-05-14",-0.0991,
"2019-05-22",,
"2019-05-29",,
"2019-05-30",-0.4783,-0.3776
"2019-06-06",-0.4925,-0.4739
"2019-06-07",-0.511,-0.5429
"2019-06-14",-0.4875,
"2019-06-15",-0.4054,-0.2771
"2019-06-22",-0.4921,-0.436
"2019-06-23",,
"2019-06-30",-0.5257,-0.4085
"2019-07-01",,
"2019-07-09",-0.5196,-0.5444
"2019-07-16",-0.5362,-0.5519
"2019-07-17",-0.5022,-0.335
"2019-07-24",-0.522,-0.5273
"2019-07-25",-0.4997,-0.5265
"2019-08-01",,
"2019-08-02",-0.5072,-0.4994
"2019-08-10",,