"DateTime"," NDWI (NIR/SWIR1) (Landsat 4/5/7/8 SR) at Polygon 1, 1984-01-01 to 2019-08-15"," NDWI (NIR/SWIR1) (Landsat 4/5/7/8 SR) at Polygon 2, 1984-01-01 to 2019-08-15"
"1984-04-10",0.5219,0.6687
"1984-05-12",0.2869,
"1984-06-06",0.0285,0.001
"1984-06-13",-0.0009,
"1984-06-22",-0.0218,-0.035
"1984-06-29",-0.0035,-0.0148
"1984-07-08",0.006,0.0046
"1984-07-15",0.0328,0.0124
"1984-07-24",,
"1984-08-25",0.0258,0.0008
"1984-11-04",0.206,0.3474
"1984-11-13",0.1483,0.2257
"1984-11-20",0.1591,0.2094
"1984-12-22",0.3687,0.4077
"1985-01-07",,0.3888
"1985-01-16",0.357,0.462
"1985-01-23",0.333,0.5178
"1985-02-01",0.6618,0.625
"1985-02-08",0.4428,0.4377
"1985-02-17",,
"1985-04-06",0.0792,0.23
"1985-04-13",-0.0161,-0.0202
"1985-05-08",-0.0428,-0.075
"1985-05-24",-0.0337,-0.0646
"1985-07-27",-0.0027,-0.008
"1985-08-12",-0.0219,-0.0287
"1985-08-28",0.0141,0.0061
"1985-09-04",0.2157,0.1488
"1985-09-13",0.0086,0.0082
"1985-10-15",0.1023,0.1998
"1985-10-22",0.0522,0.0339
"1985-10-31",,
"1985-11-16",0.577,0.5823
"1985-11-23",0.3796,0.463
"1985-12-02",0.2129,0.2218
"1985-12-09",,
"1986-01-03",0.3873,0.4529
"1986-01-10",0.5378,0.5256
"1986-01-19",,
"1986-01-26",0.2474,0.2845
"1986-02-04",0.196,0.3833
"1986-02-27",,
"1986-03-08",,
"1986-03-15",,0.2098
"1986-03-31",,0.0159
"1986-04-09",0.1019,0.2735
"1986-04-25",-0.0214,-0.0294
"1986-05-02",,0.0502
"1986-05-11",-0.0422,-0.0568
"1986-05-18",0.0142,-0.0036
"1986-06-03",,0.0703
"1986-06-12",-0.0292,-0.0309
"1986-06-19",-0.0025,-0.0009
"1986-06-28",-0.0055,-0.0053
"1986-07-05",,
"1986-07-14",-0.0285,-0.015
"1986-07-21",,0.0378
"1986-07-30",-0.0278,-0.0191
"1986-08-06",-0.0136,-0.003
"1986-08-15",-0.0188,-0.008
"1986-08-22",,0.141
"1986-08-31",0.0173,0.0151
"1986-09-07",,
"1986-09-16",0.0724,
"1986-09-23",-0.0055,0.0287
"1986-10-02",0.0323,0.0366
"1986-10-09",0.085,0.101
"1986-10-18",0.0628,0.0614
"1986-10-25",0.1074,0.1121
"1986-11-10",0.3444,0.482
"1986-11-26",0.5591,0.5743
"1986-12-12",0.694,0.6919
"1986-12-21",0.6134,0.6735
"1986-12-28",0.5561,0.6352
"1987-01-06",0.5434,0.6816
"1987-01-13",0.5081,0.6066
"1987-01-22",0.6561,0.6532
"1987-01-29",0.497,0.5571
"1987-02-07",0.3964,0.5709
"1987-03-02",0.7198,0.7255
"1987-04-03",0.3207,0.5186
"1987-04-19",-0.0172,0.0524
"1987-04-28",-0.0255,-0.0402
"1987-05-05",,
"1987-05-14",-0.0414,-0.0228
"1987-05-30",-0.0209,-0.0303
"1987-06-06",-0.0168,-0.0106
"1987-06-15",-0.026,-0.0228
"1987-06-22",-0.0265,-0.0133
"1987-07-01",-0.0045,0.0025
"1987-07-24",-0.0076,0.2714
"1987-08-02",-0.0088,0
"1987-08-09",0.0291,0.0798
"1987-08-18",0.0075,0.0087
"1987-08-25",0.055,0.0515
"1987-09-03",0.0098,0.0081
"1987-09-10",0.0138,0.011
"1987-09-19",0.0178,0.0141
"1987-09-26",0.0278,0.0206
"1987-10-05",0.0567,0.0542
"1987-10-12",0.0473,0.0417
"1987-10-21",0.0619,0.0485
"1987-11-14",0.0009,0.138
"1988-03-04",,
"1988-03-20",,
"1988-03-29",0.6883,0.6842
"1988-04-05",0.1157,0.183
"1988-04-14",,
"1988-04-21",-0.008,-0.0202
"1988-04-30",-0.0417,-0.036
"1988-05-07",-0.0287,-0.0408
"1988-05-16",-0.032,-0.0445
"1988-05-23",0.0089,0.0645
"1988-06-01",0.0333,-0.0036
"1988-06-08",0.0006,-0.0159
"1988-06-17",0.0077,0.011
"1988-06-24",0.0178,0.0169
"1988-07-03",0.006,0.01
"1988-07-26",0.0479,0.0476
"1988-07-27",0.0131,0.0225
"1988-08-11",0.0247,0.0356
"1988-08-27",0.0606,0.0869
"1988-09-05",0.0229,0.0331
"1988-09-21",0.0434,
"1988-09-28",0.2126,0.0506
"1988-10-07",0.0819,0.0898
"1988-10-14",0.063,0.0717
"1988-10-23",0.0822,0.0835
"1988-10-30",0.0995,0.1042
"1989-04-01",,
"1989-04-08",0.0385,0.0208
"1989-04-17",0.0263,0.037
"1989-04-24",-0.0008,-0.0038
"1989-05-03",0.0353,0.0906
"1989-05-10",,
"1989-05-26",,
"1989-06-11",,
"1989-06-20",0.0321,0.0604
"1989-07-05",-0.003,0.0075
"1989-07-13",0.0301,0.0507
"1989-07-14",0.09,0.0459
"1989-07-22",0.114,0.0558
"1989-07-29",0.0221,0.0344
"1989-08-07",0.0172,0.0271
"1989-08-14",0.0065,0.0368
"1989-08-15",0.0137,0.0299
"1989-08-23",0.0131,0.0219
"1989-08-30",0.0101,0.0226
"1989-08-31",-0.0027,0.0106
"1989-09-07",-0.0021,0.0096
"1989-09-08",0.0837,0.0667
"1989-09-15",0.0278,0.0368
"1989-09-24",0.0403,0.0481
"1989-10-01",0.0403,0.045
"1989-10-10",0.065,0.065
"1989-10-17",,
"1990-02-15",0.595,0.6279
"1990-03-26",0.1755,0.2295
"1990-04-04",0.0939,0.1595
"1990-04-11",,0.0737
"1990-04-20",0.054,-0.0098
"1990-04-27",,
"1990-05-06",-0.0132,0.0833
"1990-05-13",0.0175,
"1990-05-22",-0.0242,-0.0239
"1990-06-23",0.0036,0.0121
"1990-07-09",0.0726,0.1262
"1990-08-10",0.0474,0.0555
"1990-09-02",0.0268,0.0354
"1990-09-11",0.034,0.0375
"1990-09-27",,
"1990-10-04",,
"1990-10-13",0.072,0.076
"1990-10-29",0.1101,0.1098
"1991-03-22",0.7034,0.6933
"1991-03-29",,
"1991-04-07",,
"1991-04-14",0.5608,0.5768
"1991-04-23",,
"1991-04-30",0.5571,0.474
"1991-05-09",,
"1991-05-25",-0.0038,-0.0004
"1991-06-01",,
"1991-06-10",-0.0017,-0.0523
"1991-06-17",-0.0102,0.0075
"1991-06-26",0.0127,0.0313
"1991-07-03",0.0249,0.0782
"1991-07-12",0.0617,0.1322
"1991-07-19",0.0165,0.0805
"1991-07-28",0.0098,0.0458
"1991-08-04",,
"1991-08-20",,0.0907
"1991-08-29",0.0613,0.0899
"1991-09-05",0.0406,0.0815
"1991-09-14",0.0323,0.0615
"1991-09-21",0.0268,0.0583
"1991-10-07",0.04,0.0656
"1991-10-16",0.0578,0.0798
"1991-10-23",,0.0884
"1992-01-20",0.6148,0.6301
"1992-03-15",0.3612,0.5967
"1992-03-24",0.3557,0.5555
"1992-03-31",,
"1992-04-09",0.0352,0.1191
"1992-04-16",0.121,0.5951
"1992-04-25",-0.0095,0.0107
"1992-05-02",0.0538,
"1992-05-11",-0.0044,0.0078
"1992-05-18",0.059,0.0939
"1992-06-03",0.0445,0.0478
"1992-06-04",0.0288,0.0425
"1992-06-11",0.1009,0.1212
"1992-06-12",0.0156,0.0343
"1992-06-19",0.0004,0.0353
"1992-06-20",0.079,
"1992-06-28",0.0855,0.0888
"1992-07-05",0.01,0.0318
"1992-07-06",0.0057,0.0329
"1992-07-21",0.038,0.0474
"1992-07-30",0.019,0.0338
"1992-08-15",0.0291,0.0398
"1992-08-22",0.0578,0.0557
"1992-08-31",,
"1992-09-07",0.039,0.0674
"1992-09-16",0.0856,0.0682
"1992-09-23",0.0373,0.0531
"1992-10-02",0.0565,0.0647
"1992-10-09",0.0771,0.1203
"1992-10-18",0.0789,0.0932
"1992-10-25",0.1426,0.0956
"1992-11-03",,
"1992-11-10",0.2111,0.3349
"1992-11-26",0.717,0.7036
"1992-12-12",,
"1992-12-21",0.6357,0.6533
"1993-01-06",0.5746,0.6117
"1993-01-13",0.5496,0.6323
"1993-01-22",0.4503,0.5682
"1993-01-29",,
"1993-02-07",,
"1993-02-14",,0.55
"1993-02-23",0.4093,0.556
"1993-03-02",0.3487,0.5278
"1993-03-18",,
"1993-04-03",,
"1993-04-12",0.042,0.0512
"1993-04-19",,0.0915
"1993-04-28",0.0042,0.0096
"1993-05-05",,
"1993-05-14",0.1314,0.0537
"1993-05-30",0.1121,0.0219
"1993-06-06",,
"1993-06-15",0.0087,0.0235
"1993-06-22",-0.0018,0.0145
"1993-07-01",0.0137,0.0291
"1993-07-08",0.1529,0.1606
"1993-07-17",,
"1993-07-24",,0.0607
"1993-08-02",0.1501,0.0587
"1993-08-09",0.0294,0.042
"1993-08-18",0.0482,0.1477
"1993-08-25",0.0516,0.0582
"1993-09-03",0.0736,0.0924
"1993-09-10",0.0511,0.071
"1993-09-19",0.0571,0.0898
"1993-09-26",0.0583,0.0726
"1993-10-05",0.0627,0.0695
"1993-10-12",0.0759,0.0885
"1993-10-21",0.1178,0.1284
"1993-10-28",0.152,
"1993-11-06",0.6539,0.7102
"1993-11-13",0.4147,0.5674
"1993-11-22",0.3209,0.4688
"1993-11-29",0.3293,0.4477
"1993-12-08",0.156,0.2764
"1993-12-24",,
"1994-01-09",0.3979,0.5008
"1994-01-16",,
"1994-01-25",,
"1994-02-01",0.726,0.7242
"1994-02-10",0.6105,
"1994-02-17",,
"1994-02-26",0.3633,0.4403
"1994-03-14",0.1754,0.2519
"1994-03-21",0.0903,0.1844
"1994-03-30",0.6902,0.7123
"1994-04-06",0.741,0.7082
"1994-04-15",0.0514,0.1142
"1994-04-22",0.0229,0.0256
"1994-05-01",,
"1994-05-08",-0.0074,-0.0058
"1994-05-17",0.0027,0.0043
"1994-05-24",0.0637,0.0431
"1994-06-02",0.0707,0.037
"1994-06-09",0.0105,0.0176
"1994-06-18",0.024,0.0294
"1994-06-25",0.0353,0.0618
"1994-07-04",0.0165,0.0217
"1994-07-11",0.0321,0.0389
"1994-08-05",,0.086
"1994-08-12",0.05,0.0562
"1994-08-21",0.0457,0.0781
"1994-09-06",0.0652,0.0636
"1994-09-13",,
"1994-09-22",0.107,0.1457
"1994-09-29",,
"1994-10-08",0.1396,0.3708
"1994-10-15",,
"1994-10-24",0.1262,0.1195
"1994-10-31",0.5047,0.4232
"1994-11-09",0.61,0.6208
"1994-11-16",0.1802,0.2072
"1994-11-25",0.3181,0.4866
"1994-12-02",0.2368,0.3257
"1994-12-11",,
"1994-12-18",0.334,0.4188
"1994-12-27",0.2828,0.3193
"1995-01-03",0.6239,0.6532
"1995-01-12",,
"1995-01-19",0.2726,0.3364
"1995-01-28",0.3891,0.5098
"1995-02-04",0.1856,0.2375
"1995-02-13",0.7412,0.7254
"1995-02-20",0.3721,0.5496
"1995-03-08",,
"1995-03-17",,
"1995-03-24",0.0877,0.0897
"1995-04-02",0.4404,
"1995-04-18",,
"1995-04-25",0.1986,0.6089
"1995-05-04",0.0953,0.1259
"1995-05-11",,
"1995-06-05",0.009,0.0296
"1995-06-12",-0.0096,-0.0066
"1995-06-21",0.0198,0.0228
"1995-06-28",0.0717,0.0873
"1995-07-07",0.0351,0.0448
"1995-07-23",0.1279,0.0841
"1995-07-30",0.1083,0.0898
"1995-08-08",,
"1995-08-15",0.0727,0.101
"1995-08-24",0.1036,0.1017
"1995-08-31",0.0952,0.1169
"1995-09-09",0.0783,
"1995-09-16",0.1001,0.1055
"1995-09-25",0.1711,0.1788
"1995-10-02",0.1188,0.12
"1995-10-11",0.1228,0.1164
"1995-10-18",0.1192,0.1258
"1995-11-03",0.1927,0.1815
"1995-11-19",0.1389,0.1689
"1995-12-05",0.2918,0.281
"1995-12-14",0.2947,0.2893
"1995-12-21",0.3211,0.3093
"1996-01-31",0.5597,0.5266
"1996-02-07",0.3237,0.3927
"1996-02-16",0.2453,0.278
"1996-02-23",0.2011,0.2105
"1996-03-03",0.2024,0.2705
"1996-03-10",,
"1996-03-19",0.3738,0.6216
"1996-03-26",0.3309,0.3641
"1996-04-11",0.0774,0.0758
"1996-04-27",,
"1996-05-06",0.0554,0.0281
"1996-05-13",0.0644,0.0433
"1996-05-22",0.0248,0.0241
"1996-05-29",0.0423,0.0442
"1996-06-07",0.0291,0.0322
"1996-06-14",,
"1996-06-23",0.0429,0.0595
"1996-06-30",0.0512,0.0795
"1996-07-16",0.0534,0.0731
"1996-07-25",0.0781,0.0882
"1996-08-01",0.0697,0.0944
"1996-08-10",0.0499,0.0668
"1996-08-17",0.0448,0.0607
"1996-08-26",0.0694,0.0733
"1996-09-02",,
"1996-09-11",0.0716,0.0803
"1996-09-18",0.1114,0.126
"1996-09-27",0.7229,0.7351
"1996-10-04",0.0993,0.1101
"1996-10-13",0.0979,0.0981
"1996-10-20",0.1317,0.2771
"1996-10-29",,
"1996-11-14",,
"1996-11-21",,
"1996-11-30",,
"1996-12-07",0.6581,0.6149
"1996-12-16",,
"1996-12-23",0.4112,0.4976
"1997-01-01",,
"1997-01-08",0.513,0.6552
"1997-01-17",0.5455,0.5958
"1997-01-24",0.2836,0.3609
"1997-02-02",0.2323,0.2525
"1997-02-09",0.3494,0.4179
"1997-02-18",0.1995,0.2373
"1997-02-25",0.6478,0.6339
"1997-03-06",0.55,0.664
"1997-03-22",0.0654,0.104
"1997-03-29",,
"1997-04-07",0.5892,0.6546
"1997-04-14",,
"1997-04-23",,
"1997-04-30",0.0076,0.0189
"1997-05-09",0.0038,0.0036
"1997-05-16",0.0365,0.0211
"1997-05-25",-0.0044,0.0507
"1997-06-01",-0.0039,-0.0032
"1997-06-10",0.0533,0.0782
"1997-06-17",,0.0667
"1997-06-26",0.0199,0.0301
"1997-07-03",0.019,0.0365
"1997-07-12",0.0271,0.0564
"1997-07-19",,
"1997-08-13",0.0629,0.1027
"1997-08-20",0.0513,0.0683
"1997-08-29",0.059,0.0837
"1997-09-05",0.0666,0.0909
"1997-09-14",0.0547,0.0686
"1997-09-30",0.0681,0.0831
"1997-10-07",0.0729,0.0754
"1997-10-16",0.1112,0.1208
"1997-11-01",0.7113,0.7013
"1997-11-17",0.5127,0.6037
"1997-11-24",0.4336,0.5527
"1997-12-03",0.7147,0.7208
"1997-12-26",0.6703,0.6514
"1998-01-04",0.6262,0.6994
"1998-01-11",,
"1998-01-20",,
"1998-01-27",0.5451,0.6568
"1998-02-05",0.4931,0.606
"1998-02-12",0.5265,0.6645
"1998-02-28",0.4762,0.6742
"1998-03-09",0.6083,0.6369
"1998-03-16",,
"1998-03-25",0.1812,0.307
"1998-04-01",0.321,0.6237
"1998-04-10",0.1275,
"1998-04-17",0.7479,0.7587
"1998-05-03",0.0068,0.0367
"1998-05-12",-0.0114,-0.0118
"1998-05-19",-0.0104,-0.0152
"1998-05-28",-0.011,-0.0031
"1998-06-04",0.016,
"1998-06-13",0.0261,0.018
"1998-06-20",0.0042,0.0148
"1998-06-29",0.005,0.0134
"1998-07-15",0.0178,0.0298
"1998-07-22",,0.0736
"1998-07-31",,
"1998-08-07",0.0059,0.0248
"1998-08-16",0.0331,0.0575
"1998-08-23",0.0254,0.0392
"1998-09-01",,
"1998-09-08",0.0451,0.0577
"1998-09-17",0.0785,0.0912
"1998-09-24",0.0537,0.0669
"1998-10-03",0.1038,0.1162
"1998-10-10",0.0725,0.088
"1998-10-19",0.1008,0.1077
"1998-11-04",0.4549,0.5368
"1998-11-11",0.5872,0.619
"1998-11-20",,
"1998-11-27",0.1903,0.2025
"1998-12-06",0.6112,0.6202
"1998-12-13",0.5637,0.6434
"1998-12-22",0.6806,0.6613
"1998-12-29",0.3289,0.3711
"1999-01-07",0.2273,0.2349
"1999-01-14",,
"1999-01-23",0.6391,0.6656
"1999-01-30",,
"1999-02-08",0.1909,0.2692
"1999-02-24",0.1609,0.3324
"1999-03-19",0.0846,0.1212
"1999-03-28",0.0567,0.0602
"1999-04-04",0.5501,0.6391
"1999-04-20",0.0396,0.0516
"1999-05-06",0.0039,0.0106
"1999-05-15",-0.0095,-0.0067
"1999-05-22",-0.0016,0.0011
"1999-05-31",0.0727,0.0121
"1999-06-07",-0.004,0.0038
"1999-06-23",0.0095,0.0279
"1999-07-01",0.0041,0.0339
"1999-07-02",,
"1999-07-09",,
"1999-07-10",0.0463,0.0484
"1999-07-17",0.0649,0.0532
"1999-07-18",0.0242,0.0977
"1999-07-25",,
"1999-07-26",0.0126,0.0486
"1999-08-02",0.0197,0.0697
"1999-08-03",0.0677,0.0985
"1999-08-10",0.1435,
"1999-08-11",,
"1999-08-18",0.0111,0.0518
"1999-08-19",0.0358,0.0613
"1999-08-26",0.0639,0.0941
"1999-08-27",0.0251,0.0673
"1999-09-03",0.0248,0.0538
"1999-09-04",0.0424,0.0767
"1999-09-11",,
"1999-09-12",0.0614,0.086
"1999-09-27",0.0881,0.1183
"1999-09-28",,
"1999-10-05",0.0526,0.0782
"1999-10-06",,
"1999-10-13",0.0671,0.0959
"1999-10-14",0.067,0.0917
"1999-10-21",0.1569,0.3046
"1999-10-22",0.1188,0.1963
"1999-10-29",,0.2112
"1999-10-30",0.1124,0.1357
"1999-11-06",0.1172,0.146
"1999-11-07",0.124,0.1462
"1999-11-14",0.1385,0.167
"1999-11-15",0.1403,0.1662
"1999-11-23",0.7576,0.7608
"1999-11-30",,
"1999-12-01",0.2248,0.3251
"1999-12-08",,
"1999-12-17",0.6582,0.6266
"1999-12-24",0.6162,0.6312
"1999-12-25",0.6336,0.6256
"2000-01-02",0.7315,0.7525
"2000-01-09",0.6095,0.6983
"2000-01-10",,
"2000-01-17",
"2000-01-18",0.1898,
"2000-01-26",,
"2000-02-02",0.5611,0.5751
"2000-02-03",0.6579,0.7231
"2000-02-10",,
"2000-02-11",0.0886,0.6067
"2000-02-18",0.6683,0.7205
"2000-02-19",0.4925,0.6544
"2000-02-26",0.1746,0.362
"2000-02-27",0.1376,0.2812
"2000-03-05",0.1505,0.2788
"2000-03-06",0.1642,0.2676
"2000-03-13",0.1205,0.2936
"2000-03-14",0.1156,0.2407
"2000-03-21",,0.5808
"2000-03-29",0.1206,0.5204
"2000-04-07",0.0317,0.1055
"2000-04-14",0.0087,0.0398
"2000-04-23",,
"2000-05-01",0.1628,
"2000-05-09",0.0537,0.0869
"2000-05-16",-0.0195,0.0128
"2000-05-17",,
"2000-05-24",,
"2000-05-25",0.0662,
"2000-06-01",-0.0152,0.0164
"2000-06-02",0.0055,0.0401
"2000-06-09",,
"2000-06-10",-0.0129,0.0207
"2000-06-17",,
"2000-06-18",0.0089,0.0418
"2000-06-25",0.1258,
"2000-07-03",,
"2000-07-04",-0.0155,0.0251
"2000-07-11",0.0024,0.0104
"2000-07-12",0.0654,
"2000-07-19",-0.0195,0.0233
"2000-07-20",0.0089,0.0372
"2000-07-27",0.0655,0.0814
"2000-07-28",0.0627,0.0384
"2000-08-04",0.0114,0.0396
"2000-08-05",-0.0007,0.0416
"2000-08-12",,
"2000-08-13",-0.01,0.0255
"2000-08-20",,
"2000-08-21",0.0456,
"2000-08-28",0.0233,0.0627
"2000-09-05",-0.0046,0.0409
"2000-09-06",,0.0993
"2000-09-13",0.0169,0.0609
"2000-09-14",0.0088,0.0519
"2000-09-21",0.0845,0.06
"2000-09-22",,
"2000-09-29",0.0872,0.1299
"2000-09-30",0.0405,0.0859
"2000-10-07",,
"2000-10-08",0.0595,0.1071
"2000-10-15",0.0568,0.1058
"2000-10-16",0.0624,0.1064
"2000-10-23",,
"2000-10-24",0.0961,0.1497
"2000-10-31",,
"2000-11-01",0.1137,0.1449
"2000-11-08",0.3904,0.4506
"2000-11-09",0.271,0.329
"2000-11-16",0.5992,0.6774
"2000-11-17",0.6101,0.6894
"2000-11-24",0.4311,0.5829
"2000-11-25",0.3497,0.4783
"2000-12-02",0.2991,0.452
"2000-12-03",0.2911,0.4199
"2000-12-10",,
"2000-12-11",0.6271,0.6542
"2000-12-18",0.3797,0.51
"2000-12-19",,
"2000-12-26",0.6858,0.7031
"2000-12-27",0.563,0.5867
"2001-01-04",0.3176,0.4355
"2001-01-11",0.265,0.3837
"2001-01-12",0.2484,0.3513
"2001-01-19",0.5737,0.5741
"2001-01-20",,
"2001-01-27",,
"2001-02-04",0.3476,0.5631
"2001-02-05",0.295,0.4785
"2001-02-12",0.6082,0.6654
"2001-02-13",0.5071,0.6021
"2001-02-20",0.2964,0.4902
"2001-02-21",0.2813,0.4265
"2001-02-28",,
"2001-03-01",0.6488,
"2001-03-08",0.179,0.3272
"2001-03-09",0.1307,0.3243
"2001-03-16",,
"2001-03-24",0.6844,0.7097
"2001-03-25",0.1144,
"2001-04-01",0.0086,0.1066
"2001-04-02",0.004,0.0902
"2001-04-09",0.0039,0.0438
"2001-04-10",,
"2001-04-17",-0.0038,0.118
"2001-04-18",0.018,0.0712
"2001-04-25",-0.0062,0.033
"2001-04-26",-0.0019,0.0217
"2001-05-11",-0.0147,0.0236
"2001-05-12",-0.0336,0.0014
"2001-05-19",,
"2001-05-20",-0.0144,0.0287
"2001-05-27",-0.0183,0.0283
"2001-05-28",,
"2001-06-04",0.028,
"2001-06-05",0.0055,0.0274
"2001-06-12",-0.0239,0.051
"2001-06-13",,
"2001-06-20",0.0786,0.143
"2001-06-21",-0.0266,0.0346
"2001-06-28",-0.0206,0.0394
"2001-06-29",0.0562,0.0831
"2001-07-06",0.0775,0.1385
"2001-07-07",-0.0226,0.0559
"2001-07-15",-0.0224,
"2001-07-22",,0.0869
"2001-07-23",,
"2001-07-30",0.1067,
"2001-07-31",-0.0763,0.0518
"2001-08-07",0.119,0.0832
"2001-08-08",-0.0161,0.1471
"2001-08-15",0.0137,0.0603
"2001-08-16",,
"2001-08-23",,
"2001-08-24",-0.0321,0.0189
"2001-08-31",,
"2001-09-01",0.0518,0.1003
"2001-09-08",0.7151,
"2001-09-09",0.0295,0.1795
"2001-09-16",0.0473,0.1008
"2001-09-17",0.0475,0.1268
"2001-09-24",-0.0022,0.0583
"2001-09-25",-0.0119,0.0441
"2001-10-02",-0.0126,0.0759
"2001-10-03",0.0102,0.0724
"2001-10-11",,
"2001-10-18",0.042,0.0896
"2001-10-19",0.0427,0.0997
"2001-10-26",0.0523,0.1182
"2001-10-27",,
"2001-11-03",0.0884,0.1444
"2001-11-04",0.0816,0.1442
"2001-11-11",0.1057,0.1645
"2001-11-12",0.1038,0.1688
"2001-11-19",0.4983,0.6603
"2001-11-20",0.1554,0.2926
"2001-11-27",0.572,0.3369
"2001-11-28",0.7034,0.7064
"2001-12-05",0.2525,0.3723
"2001-12-06",0.2298,0.3408
"2001-12-13",0.5494,0.6617
"2001-12-14",,
"2001-12-21",0.2651,0.3811
"2001-12-22",0.6612,0.6992
"2001-12-29",0.3346,0.5005
"2001-12-30",,
"2002-01-06",0.5388,0.5636
"2002-01-07",0.4399,0.475
"2002-01-14",0.3095,0.5096
"2002-01-15",0.3061,0.483
"2002-01-22",0.2665,0.4527
"2002-01-23",,
"2002-01-30",0.4879,0.4711
"2002-01-31",0.6354,0.6502
"2002-02-07",0.2789,0.4266
"2002-02-08",0.2171,0.4113
"2002-02-15",0.7654,0.759
"2002-02-16",0.4977,0.5778
"2002-02-23",0.1235,0.222
"2002-02-24",0.1339,0.3057
"2002-03-03",0.7363,0.7174
"2002-03-12",,
"2002-03-19",0.5986,0.6972
"2002-03-28",0.0365,0.1931
"2002-04-04",-0.0195,0.0472
"2002-04-13",-0.0292,0.0268
"2002-04-20",-0.0246,0.045
"2002-04-29",0.0367,0.0461
"2002-05-06",-0.0543,0.0002
"2002-05-07",-0.0583,-0.0081
"2002-05-14",,
"2002-05-15",0.1462,0.0345
"2002-05-22",-0.0579,-0.0037
"2002-05-23",,
"2002-05-31",-0.051,-0.0186
"2002-06-07",-0.0663,0.0035
"2002-06-08",-0.0691,-0.0123
"2002-06-15",,
"2002-06-16",-0.2637,-0.0163
"2002-06-23",-0.3694,-0.1002
"2002-06-24",-0.3098,-0.0825
"2002-07-01",-0.2821,-0.0468
"2002-07-02",-0.3261,-0.0945
"2002-07-09",-0.367,-0.1157
"2002-07-10",-0.3395,-0.0699
"2002-07-17",-0.3378,-0.1058
"2002-07-18",-0.3406,-0.11
"2002-07-25",-0.2421,-0.0383
"2002-07-26",-0.3167,-0.0955
"2002-08-02",,0.1131
"2002-08-03",,
"2002-08-10",-0.3466,-0.1083
"2002-08-11",-0.3333,-0.1001
"2002-08-18",,-0.0151
"2002-08-19",-0.3117,-0.0945
"2002-08-26",-0.3378,-0.1038
"2002-08-27",-0.2983,0.0097
"2002-09-03",-0.1653,
"2002-09-04",-0.3014,-0.0848
"2002-09-11",,
"2002-09-12",-0.3046,-0.0465
"2002-09-19",-0.2902,-0.0147
"2002-09-20",-0.3294,-0.0644
"2002-09-27",,
"2002-09-28",-0.1787,-0.0638
"2002-10-05",,-0.029
"2002-10-06",-0.2874,-0.044
"2002-10-13",-0.282,-0.0345
"2002-10-14",-0.2737,-0.0261
"2002-10-21",-0.276,0.0049
"2002-10-22",-0.2256,0.0955
"2002-10-29",,
"2002-10-30",0.5543,0.6235
"2002-11-06",-0.2147,0.14
"2002-11-07",,
"2002-11-14",-0.2116,0.0922
"2002-11-22",,-0.0122
"2002-11-23",,
"2002-11-30",-0.1158,0.0272
"2002-12-01",,
"2002-12-08",,
"2002-12-09",-0.2658,0.0729
"2002-12-16",-0.2711,0.0726
"2002-12-17",-0.2548,0.0832
"2002-12-24",0.2703,0.5156
"2002-12-25",-0.014,0.3332
"2003-01-01",0.4846,
"2003-01-02",0.5676,0.5723
"2003-01-09",-0.0233,0.2118
"2003-01-10",0.0683,0.1667
"2003-01-17",-0.229,0.1241
"2003-01-18",-0.1545,0.0865
"2003-01-25",-0.2511,0.0743
"2003-01-26",-0.2678,0.0569
"2003-02-02",-0.1045,0.0208
"2003-02-03",0.6072,0.6657
"2003-02-10",0.6884,0.6561
"2003-02-11",,
"2003-02-19",0.1614,0.5913
"2003-02-27",0.6879,0.7116
"2003-03-06",0.4577,0.6883
"2003-03-07",0.3388,0.6738
"2003-03-14",-0.197,0.132
"2003-03-15",-0.2752,0.0991
"2003-03-22",0.8293,0.7345
"2003-03-23",0.7842,0.7255
"2003-03-30",0.135,
"2003-03-31",,
"2003-04-07",-0.2636,0.0636
"2003-04-08",-0.2482,0.1431
"2003-04-16",-0.2871,-0.0964
"2003-04-23",,
"2003-04-24",0.5612,
"2003-05-01",-0.259,-0.0979
"2003-05-02",,
"2003-05-09",-0.2289,-0.1121
"2003-05-10",,
"2003-05-17",-0.2623,-0.0938
"2003-05-18",-0.1858,-0.0087
"2003-05-25",-0.2519,-0.0768
"2003-05-26",-0.244,-0.0976
"2003-06-02",-0.1292,-0.0319
"2003-06-11",-0.2645,-0.0875
"2003-06-18",-0.1637,
"2003-06-27",-0.2455,-0.0806
"2003-07-04",-0.2486,-0.0793
"2003-07-13",,
"2003-07-20",-0.2248,-0.0534
"2003-07-21",-0.2356,-0.0813
"2003-07-28",-0.1858,-0.0416
"2003-07-29",,
"2003-08-05",-0.2175,-0.036
"2003-08-06",-0.2186,-0.0614
"2003-08-13",-0.2259,-0.064
"2003-08-14",-0.2205,-0.0587
"2003-08-21",-0.103,
"2003-08-22",-0.1831,-0.0701
"2003-08-29",-0.1908,0.0047
"2003-09-06",,
"2003-09-15",-0.2256,-0.05
"2003-09-22",-0.2323,-0.0556
"2003-09-23",-0.2153,-0.0472
"2003-09-30",-0.2162,-0.0433
"2003-10-01",-0.1862,-0.0013
"2003-10-08",-0.2344,-0.0495
"2003-10-09",-0.2198,-0.0428
"2003-10-16",-0.1322,-0.061
"2003-10-17",-0.2385,-0.0362
"2003-10-24",-0.2474,-0.0337
"2003-10-25",-0.1719,
"2003-11-01",,
"2003-11-02",-0.2194,0.0004
"2003-11-09",-0.1737,0.0234
"2003-11-10",-0.2254,0.0251
"2003-11-17",-0.2167,0.0437
"2003-11-18",-0.2528,0.0274
"2003-11-25",0.4543,0.5354
"2003-11-26",0.1426,0.5465
"2003-12-03",,
"2003-12-04",-0.2228,0.0435
"2003-12-11",0.4564,0.6039
"2003-12-12",0.479,0.6165
"2003-12-19",0.3678,0.5844
"2003-12-20",,
"2003-12-27",0.0962,0.4544
"2003-12-28",0.0776,0.4541
"2004-01-04",0.6307,0.6747
"2004-01-05",0.5996,0.6308
"2004-01-12",0.0997,0.4139
"2004-01-13",-0.1893,0.3026
"2004-01-21",0.6291,0.7131
"2004-01-28",0.5569,0.57
"2004-01-29",,
"2004-02-05",0.6245,0.6289
"2004-02-06",0.6553,0.6767
"2004-02-13",,
"2004-02-14",0.7098,0.6689
"2004-02-21",,
"2004-02-22",,
"2004-02-29",0.5181,0.582
"2004-03-01",0.3111,0.569
"2004-03-08",0.145,0.472
"2004-03-09",-0.0937,0.3558
"2004-03-16",,
"2004-03-17",-0.2278,0.0849
"2004-03-24",,-0.0064
"2004-03-25",-0.2444,-0.0579
"2004-04-01",-0.22,-0.067
"2004-04-02",,
"2004-04-17",-0.2397,-0.0842
"2004-04-18",-0.1737,
"2004-04-25",,
"2004-04-26",-0.1784,0.0447
"2004-05-03",-0.2247,-0.0901
"2004-05-04",-0.197,-0.0163
"2004-05-11",-0.2132,-0.0796
"2004-05-12",,
"2004-05-19",-0.0732,
"2004-05-20",,
"2004-05-27",-0.1942,-0.0625
"2004-05-28",,
"2004-06-04",,-0.0196
"2004-06-05",-0.1861,-0.0565
"2004-06-12",0.0953,0.0438
"2004-06-13",-0.1899,
"2004-06-20",-0.1931,-0.0417
"2004-06-21",,
"2004-06-28",-0.1651,-0.0149
"2004-06-29",-0.1453,0.1717
"2004-07-06",-0.1816,-0.0516
"2004-07-07",-0.1734,-0.0481
"2004-07-14",-0.1689,-0.0337
"2004-07-15",-0.1637,-0.0185
"2004-07-22",-0.0999,0.0129
"2004-07-30",,0.0598
"2004-07-31",-0.1529,-0.0344
"2004-08-07",,
"2004-08-08",-0.1405,-0.0281
"2004-08-15",-0.1581,-0.0329
"2004-08-16",-0.1527,-0.0208
"2004-08-23",-0.0522,
"2004-08-24",-0.1042,0.0024
"2004-08-31",-0.1423,-0.0272
"2004-09-01",-0.1542,-0.0283
"2004-09-08",-0.1695,-0.0235
"2004-09-09",-0.1497,-0.0212
"2004-09-16",-0.1769,-0.0293
"2004-09-17",-0.1749,-0.0284
"2004-09-24",-0.1811,0.0007
"2004-09-25",-0.162,0.0008
"2004-10-02",-0.1764,0.0095
"2004-10-03",-0.1753,0.0061
"2004-10-10",-0.1658,-0.0136
"2004-10-11",-0.1148,0.0009
"2004-10-18",-0.1823,0.0054
"2004-10-26",-0.2115,0.0152
"2004-10-27",-0.0228,
"2004-11-03",0.4947,0.63
"2004-11-04",,
"2004-11-11",0.2101,0.702
"2004-11-12",,
"2004-11-19",-0.1943,0.1721
"2004-12-05",0.4724,0.6028
"2004-12-06",0.3554,0.5925
"2004-12-13",-0.0596,
"2004-12-14",-0.085,
"2004-12-21",0.0907,0.3907
"2004-12-22",0.5264,0.6709
"2004-12-30",-0.1353,0.5623
"2005-01-06",0.6435,0.6792
"2005-01-07",0.5422,0.6219
"2005-01-14",0.6339,0.6306
"2005-01-15",0.6344,0.639
"2005-01-22",0.1304,0.444
"2005-01-23",-0.0477,0.3907
"2005-01-31",0.5536,0.5631
"2005-02-07",,
"2005-02-08",0.1119,0.2839
"2005-02-15",0.0014,
"2005-02-16",,
"2005-02-23",,
"2005-02-24",-0.1839,0.521
"2005-03-03",-0.0225,0.3496
"2005-03-04",-0.184,0.1794
"2005-03-11",-0.0996,0.2587
"2005-03-12",-0.1589,0.1781
"2005-03-19",,
"2005-03-20",0.0309,0.3644
"2005-03-27",-0.1614,0.579
"2005-03-28",-0.074,
"2005-04-04",-0.1925,0.2404
"2005-04-12",0.8336,0.8015
"2005-04-13",0.7751,0.7137
"2005-04-20",-0.2432,-0.0799
"2005-04-21",-0.2349,-0.0721
"2005-04-28",-0.0655,0.0796
"2005-05-06",,
"2005-05-07",-0.1429,0.0393
"2005-05-14",-0.003,
"2005-05-15",-0.1851,-0.0796
"2005-05-22",-0.1923,-0.085
"2005-05-23",-0.1815,-0.0775
"2005-05-30",-0.0838,-0.0318
"2005-05-31",-0.1608,-0.0426
"2005-06-07",-0.173,-0.0581
"2005-06-08",-0.1617,-0.057
"2005-06-15",-0.1406,-0.0332
"2005-06-16",-0.1546,-0.0383
"2005-06-23",,
"2005-06-24",-0.1415,-0.0114
"2005-07-01",-0.1119,-0.0303
"2005-07-02",-0.1441,-0.0269
"2005-07-09",-0.1181,-0.0191
"2005-07-10",-0.1445,-0.0256
"2005-07-17",-0.1512,-0.0168
"2005-07-18",-0.1518,0.0016
"2005-07-26",-0.0621,0.022
"2005-08-02",-0.182,-0.0399
"2005-08-03",-0.1725,-0.0286
"2005-08-10",-0.0968,0.0481
"2005-08-11",-0.1011,
"2005-08-18",-0.1756,-0.0242
"2005-08-19",,
"2005-08-26",-0.1525,-0.021
"2005-08-27",-0.1584,0.0226
"2005-09-03",-0.1576,-0.0154
"2005-09-04",-0.1561,-0.0072
"2005-09-11",-0.1734,-0.0263
"2005-09-12",-0.1688,-0.0231
"2005-09-19",-0.1799,-0.0198
"2005-09-20",-0.1548,-0.0016
"2005-09-27",-0.1882,-0.0093
"2005-10-06",-0.1906,0.0095
"2005-10-13",-0.004,0.3682
"2005-10-14",-0.1625,0.0853
"2005-10-21",-0.1685,0.047
"2005-10-22",-0.2005,0.0253
"2005-10-29",,0.1753
"2005-10-30",-0.1954,0.0467
"2005-11-06",-0.1138,
"2005-11-07",-0.2022,0.0447
"2005-11-14",-0.1659,0.0598
"2005-11-15",0.6085,0.6722
"2005-11-22",-0.0313,0.3363
"2005-11-23",-0.2016,0.2431
"2005-12-01",,
"2005-12-08",0.6318,0.6662
"2005-12-17",0.2707,0.5137
"2005-12-24",,
"2006-01-02",-0.1847,0.2339
"2006-01-09",-0.1744,0.1783
"2006-01-10",-0.1902,0.1477
"2006-01-17",0.1341,0.4846
"2006-01-18",-0.1473,0.3305
"2006-01-25",,
"2006-01-26",0.6185,0.6806
"2006-02-03",-0.0904,0.426
"2006-02-10",0.5384,0.6664
"2006-02-11",0.5403,0.6423
"2006-02-18",0.4907,0.6312
"2006-02-19",0.3284,0.5597
"2006-02-26",-0.0768,0.2622
"2006-02-27",-0.1837,0.1841
"2006-03-06",-0.1778,-0.009
"2006-03-07",-0.2249,0.0101
"2006-03-14",-0.1552,0.4939
"2006-03-23",-0.0383,0.4028
"2006-03-30",-0.2234,-0.0306
"2006-03-31",,
"2006-04-07",,
"2006-04-08",-0.2225,-0.0405
"2006-04-15",,
"2006-04-16",-0.2258,-0.0655
"2006-04-23",-0.2256,-0.0751
"2006-04-24",,
"2006-05-01",-0.2084,-0.0558
"2006-05-02",-0.1969,-0.0692
"2006-05-09",-0.0371,0.0427
"2006-05-10",-0.1837,0.1541
"2006-05-17",-0.1776,-0.0572
"2006-05-18",-0.1852,-0.0781
"2006-05-25",-0.1819,-0.0578
"2006-05-26",,
"2006-06-02",-0.1925,-0.0492
"2006-06-03",-0.1471,-0.0496
"2006-06-10",,
"2006-06-11",-0.184,-0.0508
"2006-06-18",-0.1979,-0.0674
"2006-06-19",-0.1999,-0.154
"2006-06-26",-0.174,-0.0415
"2006-06-27",-0.1869,-0.0285
"2006-07-04",-0.1945,-0.0583
"2006-07-05",-0.1344,-0.0098
"2006-07-12",-0.0933,0.0367
"2006-07-13",-0.1962,-0.069
"2006-07-20",-0.1726,-0.051
"2006-07-21",-0.1552,0.0146
"2006-07-28",-0.0441,
"2006-07-29",-0.1277,-0.0402
"2006-08-06",,
"2006-08-13",-0.1033,-0.0121
"2006-08-14",-0.1024,-0.0077
"2006-08-21",-0.0666,0.0338
"2006-08-22",0.0042,0.0702
"2006-08-29",-0.1184,-0.0276
"2006-08-30",-0.1149,-0.0177
"2006-09-06",-0.0603,0.027
"2006-09-07",-0.1247,-0.0019
"2006-09-14",-0.1229,0.0031
"2006-09-15",-0.1285,-0.0121
"2006-09-23",,
"2006-09-30",-0.175,-0.0311
"2006-10-01",,
"2006-10-16",-0.1467,-0.1288
"2006-10-24",,
"2006-10-25",-0.0971,-0.0075
"2006-11-01",0.306,0.555
"2006-11-02",0.2556,0.4957
"2006-11-09",-0.1961,0.0808
"2006-11-10",-0.2076,0.0525
"2006-11-17",-0.2161,0.0833
"2006-11-18",-0.2075,0.0803
"2006-11-25",-0.2161,0.0696
"2006-11-26",-0.2171,0.0626
"2006-12-03",0.6761,0.7186
"2006-12-04",0.6756,0.6592
"2006-12-11",0.3876,0.5793
"2006-12-12",,
"2006-12-19",0.0396,0.3336
"2006-12-27",0.7224,0.6415
"2007-01-04",0.7233,0.6501
"2007-01-12",0.6282,0.6769
"2007-01-13",0.5558,0.609
"2007-01-20",,
"2007-01-21",,
"2007-01-28",0.7072,0.6444
"2007-01-29",0.7048,0.6621
"2007-02-05",0.7016,0.6444
"2007-02-06",0.7914,0.6951
"2007-02-13",,
"2007-02-14",0.5868,0.6077
"2007-02-21",0.5685,0.6911
"2007-02-22",0.5547,0.6918
"2007-03-01",0.7417,0.6881
"2007-03-02",,
"2007-03-09",0.3729,0.4865
"2007-03-10",,
"2007-03-17",,
"2007-03-18",-0.0983,0.1307
"2007-03-25",-0.1995,0.2182
"2007-03-26",-0.2331,0.0211
"2007-04-02",-0.1728,-0.0412
"2007-04-03",-0.2608,-0.0861
"2007-04-11",-0.2397,-0.0514
"2007-04-18",-0.2366,-0.0734
"2007-04-19",-0.2513,-0.1071
"2007-04-26",0.7414,0.7578
"2007-04-27",0.1712,0.7131
"2007-05-05",-0.1758,
"2007-05-12",-0.1999,-0.0962
"2007-05-13",-0.1489,-0.0552
"2007-05-20",-0.1386,-0.0325
"2007-05-21",0.0008,
"2007-05-28",,-0.0438
"2007-05-29",-0.1366,-0.0166
"2007-06-05",,
"2007-06-13",,
"2007-06-14",-0.0827,-0.0084
"2007-06-21",0.0244,0.009
"2007-06-22",,0.0356
"2007-06-29",-0.1313,-0.0296
"2007-06-30",-0.1299,-0.0296
"2007-07-07",-0.1429,-0.0109
"2007-07-08",-0.1266,-0.0346
"2007-07-15",-0.1392,-0.0547
"2007-07-16",-0.1442,-0.0172
"2007-07-23",-0.1019,-0.0351
"2007-07-24",-0.1506,-0.0345
"2007-07-31",-0.1518,-0.0072
"2007-08-01",-0.1516,0.024
"2007-08-08",-0.1507,-0.0006
"2007-08-09",-0.1554,-0.0187
"2007-08-16",-0.1586,-0.0156
"2007-08-17",-0.1236,0.0004
"2007-08-24",-0.1538,-0.0146
"2007-08-25",-0.1632,-0.0215
"2007-09-01",-0.0786,-0.0015
"2007-09-02",-0.1619,-0.0062
"2007-09-09",-0.0931,0.032
"2007-09-17",,
"2007-09-18",-0.1742,-0.0107
"2007-09-25",-0.1911,-0.0176
"2007-09-26",-0.1985,-0.0226
"2007-10-03",-0.2153,-0.0212
"2007-10-04",-0.2036,-0.0007
"2007-10-11",-0.2199,-0.0076
"2007-10-20",-0.2212,0.0164
"2007-10-27",-0.1941,0.0457
"2007-11-05",-0.2248,0.0373
"2007-11-12",,
"2007-11-21",0.6483,0.6341
"2007-11-28",0.2072,
"2007-12-14",0.4341,0.5617
"2007-12-23",0.5501,0.6041
"2007-12-30",0.6575,0.6456
"2008-01-08",0.6436,0.7177
"2008-01-15",,
"2008-01-24",0.5435,0.6365
"2008-01-31",0.5975,0.6408
"2008-02-01",0.3541,0.5497
"2008-02-08",0.4931,0.5825
"2008-02-09",0.4898,0.6514
"2008-02-16",0.2739,0.5878
"2008-02-25",,
"2008-03-03",0.6746,0.6744
"2008-03-04",0.6377,0.6609
"2008-03-11",0.155,0.5582
"2008-03-12",,
"2008-03-19",0.0341,0.4859
"2008-03-20",-0.1648,0.336
"2008-03-27",-0.0999,0.1876
"2008-03-28",-0.1886,0.1758
"2008-04-04",-0.2316,-0.0008
"2008-04-05",-0.0871,0.0004
"2008-04-12",0.1244,0.4795
"2008-04-13",-0.2258,0.0637
"2008-04-20",-0.2444,-0.0691
"2008-04-21",-0.2574,-0.0903
"2008-04-28",,
"2008-04-29",,
"2008-05-06",-0.168,-0.0654
"2008-05-07",-0.1813,
"2008-05-14",-0.1247,-0.027
"2008-05-15",,
"2008-05-22",,
"2008-05-23",-0.1874,-0.0734
"2008-05-30",-0.2142,-0.0936
"2008-05-31",-0.1903,-0.076
"2008-06-07",-0.189,-0.0687
"2008-06-08",-0.1414,
"2008-06-15",-0.1971,-0.0696
"2008-06-16",,
"2008-06-23",0.011,
"2008-06-24",-0.1908,-0.0609
"2008-07-01",,
"2008-07-02",-0.185,-0.055
"2008-07-09",-0.1927,-0.047
"2008-07-10",-0.1753,-0.0587
"2008-07-17",-0.1386,
"2008-07-18",-0.1923,-0.0477
"2008-07-25",-0.1922,-0.0537
"2008-07-26",,
"2008-08-02",-0.1716,-0.0345
"2008-08-03",-0.1925,-0.0149
"2008-08-11",-0.1881,-0.022
"2008-08-18",-0.1857,-0.0122
"2008-08-19",-0.1929,-0.0396
"2008-08-26",-0.1961,-0.0285
"2008-08-27",-0.1856,-0.0237
"2008-09-03",-0.1844,-0.0242
"2008-09-04",-0.1879,-0.0283
"2008-09-11",-0.1781,-0.0194
"2008-09-19",-0.1694,0.0267
"2008-09-20",-0.1838,-0.0037
"2008-09-27",-0.1857,-0.0119
"2008-09-28",-0.1698,0.0245
"2008-10-05",,
"2008-10-06",-0.1781,0.0133
"2008-10-13",-0.0935,
"2008-10-21",,
"2008-10-22",0.5831,0.6296
"2008-10-29",-0.2298,0.0197
"2008-10-30",-0.2105,0.0275
"2008-11-06",-0.2247,0.0405
"2008-11-07",-0.2242,0.0427
"2008-11-14",0.4487,
"2008-11-15",-0.1829,0.123
"2008-11-22",-0.2372,0.0618
"2008-11-23",-0.2321,0.078
"2008-11-30",,
"2008-12-09",0.4849,0.4734
"2008-12-16",,
"2008-12-25",-0.0229,0.6957
"2009-01-01",0.01,
"2009-01-09",,
"2009-01-10",,0.6056
"2009-01-17",0.2429,0.5365
"2009-01-18",-0.0968,0.5458
"2009-01-25",-0.1037,0.4367
"2009-01-26",,
"2009-02-02",-0.037,0.3048
"2009-02-03",-0.2092,0.1753
"2009-02-10",,
"2009-02-11",-0.1421,
"2009-02-18",-0.1329,0.2689
"2009-02-19",-0.2145,0.1389
"2009-02-26",-0.2323,0.0915
"2009-02-27",-0.2161,0.0915
"2009-03-06",-0.2416,-0.0085
"2009-03-07",-0.2051,0.4739
"2009-03-14",-0.2501,-0.0304
"2009-03-15",-0.235,-0.0126
"2009-03-22",-0.241,-0.0347
"2009-03-23",,
"2009-03-30",-0.1538,0.1884
"2009-03-31",-0.1922,0.1667
"2009-04-07",-0.2117,0.0596
"2009-04-08",-0.2495,-0.0133
"2009-04-15",-0.248,-0.0658
"2009-04-16",,
"2009-04-23",-0.2217,-0.0034
"2009-04-24",-0.1849,-0.0491
"2009-05-01",-0.178,-0.0481
"2009-05-09",,0.0156
"2009-05-10",,
"2009-05-17",-0.2208,-0.0907
"2009-05-18",-0.1799,-0.065
"2009-05-25",,
"2009-06-02",,
"2009-06-03",-0.1147,-0.0371
"2009-06-10",,
"2009-06-18",-0.1394,-0.0412
"2009-06-19",-0.1534,-0.0404
"2009-06-27",-0.1443,-0.041
"2009-07-04",-0.1083,0.0701
"2009-07-05",-0.0992,0.018
"2009-07-12",-0.0656,-0.0293
"2009-07-13",-0.1337,-0.0268
"2009-07-20",,
"2009-07-21",-0.111,-0.0019
"2009-07-28",-0.0974,0.0572
"2009-07-29",0.0211,
"2009-08-05",-0.1394,-0.0248
"2009-08-06",-0.0048,0.0198
"2009-08-13",-0.08,0.0216
"2009-08-21",-0.1476,-0.0228
"2009-08-29",-0.106,0.0503
"2009-08-30",-0.087,0.0097
"2009-09-07",-0.1639,0.0127
"2009-09-14",-0.1688,0.0152
"2009-09-15",-0.1607,0.0107
"2009-09-22",-0.1191,0.166
"2009-09-30",-0.1911,-0.0039
"2009-10-01",-0.2034,-0.0025
"2009-10-08",,
"2009-10-09",-0.1504,0.058
"2009-10-16",-0.2198,0.012
"2009-10-17",-0.2237,0.0037
"2009-10-24",0.2739,0.5269
"2009-10-25",,
"2009-11-01",0.4792,0.5635
"2009-11-02",-0.0009,0.3643
"2009-11-09",,
"2009-11-10",-0.2073,0.0875
"2009-11-17",0.7519,0.7268
"2009-11-18",0.7178,0.6967
"2009-11-25",,0.4337
"2009-11-26",-0.0882,0.4454
"2009-12-03",0.5376,0.7095
"2009-12-04",0.3652,0.6352
"2009-12-11",0.5763,0.6469
"2009-12-12",0.5029,0.6505
"2009-12-19",0.173,0.5561
"2009-12-28",0.6256,0.663
"2010-01-04",0.2844,0.5401
"2010-01-12",0.1654,0.5125
"2010-01-13",-0.1045,
"2010-01-20",,
"2010-01-21",,
"2010-01-28",0.6343,0.6413
"2010-01-29",0.6355,0.6979
"2010-02-05",,0.6774
"2010-02-06",,
"2010-02-13",0.7388,
"2010-02-14",0.3188,0.6222
"2010-02-22",,
"2010-03-01",0.4187,
"2010-03-02",0.1748,0.6884
"2010-03-09",0.1111,0.5526
"2010-03-10",0.2448,0.5447
"2010-03-17",0.0052,0.469
"2010-03-18",-0.0962,0.3622
"2010-03-25",0.679,0.6206
"2010-03-26",0.737,0.7123
"2010-04-02",,
"2010-04-03",-0.1468,0.0626
"2010-04-10",-0.242,0.0781
"2010-04-11",,
"2010-04-18",,
"2010-04-19",,-0.0554
"2010-04-26",0.0031,0.4495
"2010-04-27",-0.2171,-0.0249
"2010-05-04",-0.2339,-0.0744
"2010-05-05",-0.2083,-0.0529
"2010-05-12",-0.1352,0.1491
"2010-05-20",-0.2186,-0.0645
"2010-05-21",-0.2059,-0.0696
"2010-05-28",-0.2024,-0.0668
"2010-05-29",-0.1527,-0.0653
"2010-06-05",-0.0797,
"2010-06-06",-0.174,-0.0334
"2010-06-13",0.1439,0.1991
"2010-06-14",-0.1227,0.0301
"2010-06-21",-0.1748,-0.0365
"2010-06-22",,0.013
"2010-06-29",-0.1692,-0.023
"2010-06-30",-0.1635,-0.0254
"2010-07-07",-0.1514,0.0204
"2010-07-08",-0.1498,0.0073
"2010-07-15",-0.1745,-0.0231
"2010-07-16",-0.1738,-0.0287
"2010-07-23",,
"2010-07-24",-0.0462,0.0255
"2010-07-31",-0.1537,0.011
"2010-08-01",-0.0937,
"2010-08-08",-0.1339,0.007
"2010-08-09",-0.0863,0.0141
"2010-08-16",,
"2010-08-17",-0.1593,-0.0122
"2010-08-24",-0.0963,
"2010-08-25",-0.1493,0.0016
"2010-09-01",-0.1639,-0.0092
"2010-09-02",-0.1698,-0.0126
"2010-09-09",-0.1876,-0.0165
"2010-09-10",-0.1714,0.0017
"2010-09-17",-0.1849,-0.0026
"2010-09-18",-0.1973,-0.0195
"2010-09-25",-0.2184,-0.0238
"2010-09-26",-0.1939,-0.0043
"2010-10-03",-0.1968,0.0093
"2010-10-04",,
"2010-10-11",-0.2171,0.0138
"2010-10-19",-0.1815,0.046
"2010-10-20",-0.2303,0.0072
"2010-10-28",-0.2141,0.0613
"2010-11-04",-0.1804,0.0768
"2010-11-05",-0.2275,0.0408
"2010-11-12",-0.0429,0.2332
"2010-11-13",-0.1267,0.1255
"2010-11-20",-0.2187,0.0893
"2010-11-21",-0.1469,0.0552
"2010-11-28",-0.2375,0.0982
"2010-12-06",,
"2010-12-07",-0.2015,0.1974
"2010-12-14",-0.2165,0.123
"2010-12-15",,
"2010-12-22",,
"2010-12-23",-0.2228,0.1929
"2010-12-30",,
"2010-12-31",,
"2011-01-07",0.5322,0.6857
"2011-01-08",0.444,0.642
"2011-01-15",0.506,
"2011-01-23",0.2407,0.5627
"2011-01-24",,
"2011-01-31",,
"2011-02-01",0.5367,0.5644
"2011-02-09",0.6203,0.6844
"2011-02-16",0.2321,0.5967
"2011-02-17",0.0489,0.6221
"2011-02-24",0.0005,0.6437
"2011-02-25",,
"2011-03-04",,
"2011-03-05",,
"2011-03-12",-0.2097,0.1733
"2011-03-13",-0.2083,0.1681
"2011-03-20",,
"2011-03-21",-0.2261,-0.0037
"2011-03-28",-0.0653,0.0196
"2011-03-29",-0.2144,0.1517
"2011-04-05",-0.2406,-0.0382
"2011-04-06",,
"2011-04-13",-0.2074,-0.028
"2011-04-14",,
"2011-04-21",-0.2108,-0.0506
"2011-04-22",-0.2143,-0.0297
"2011-04-29",-0.2171,-0.0345
"2011-04-30",-0.2324,-0.0578
"2011-05-07",-0.2251,-0.0631
"2011-05-08",-0.2144,-0.0572
"2011-05-15",,
"2011-05-16",-0.2197,-0.0536
"2011-05-23",-0.2096,0.0879
"2011-05-31",-0.2044,-0.0525
"2011-06-01",,
"2011-06-08",-0.1992,-0.0594
"2011-06-09",-0.1835,-0.0406
"2011-06-16",-0.171,0.0351
"2011-06-17",,
"2011-06-24",-0.1922,-0.0292
"2011-06-25",-0.1786,-0.0398
"2011-07-02",-0.1845,-0.0368
"2011-07-03",-0.1567,0.0485
"2011-07-10",,
"2011-07-11",-0.1811,-0.0241
"2011-07-18",-0.1827,-0.028
"2011-07-19",-0.1838,-0.043
"2011-07-26",-0.1619,0.0048
"2011-07-27",-0.1717,0.0179
"2011-08-03",-0.1531,-0.0082
"2011-08-04",-0.1025,0.0092
"2011-08-11",-0.1757,-0.0333
"2011-08-12",-0.1671,-0.0257
"2011-08-19",,
"2011-08-20",-0.1776,-0.028
"2011-08-27",-0.1698,-0.0208
"2011-08-28",-0.1636,-0.0169
"2011-09-04",-0.1739,-0.0243
"2011-09-05",-0.1091,-0.0448
"2011-09-12",-0.1691,-0.0011
"2011-09-20",-0.1746,0.0172
"2011-09-21",-0.1771,-0.0087
"2011-09-28",-0.1878,-0.0126
"2011-09-29",-0.1787,-0.0028
"2011-10-06",,
"2011-10-07",-0.1967,0.0098
"2011-10-14",-0.2004,0.0149
"2011-10-15",-0.1302,0.0591
"2011-10-22",-0.2105,0.0218
"2011-10-23",-0.2086,0.0197
"2011-10-30",-0.1556,0.367
"2011-10-31",-0.2006,0.1522
"2011-11-07",0.0364,0.5078
"2011-11-15",-0.1478,0.2273
"2011-11-16",-0.1887,0.2228
"2011-11-23",-0.2076,0.1627
"2011-12-02",0.6053,0.6444
"2011-12-09",0.4703,0.6066
"2011-12-18",0.1079,0.5756
"2011-12-25",0.7681,0.6978
"2012-01-03",,
"2012-01-10",0.2105,0.4753
"2012-01-19",0.1038,0.411
"2012-01-26",-0.0725,0.3566
"2012-02-04",0.6382,0.7237
"2012-02-11",0.6027,0.6422
"2012-02-20",0.1609,0.4795
"2012-02-27",-0.0425,0.4236
"2012-03-07",-0.1115,0.2271
"2012-03-14",-0.1194,0.0829
"2012-03-23",-0.2372,-0.02
"2012-03-30",-0.2315,-0.0275
"2012-04-08",-0.2227,-0.0436
"2012-04-15",0.8694,0.8251
"2012-04-24",-0.1744,-0.0387
"2012-05-01",-0.117,-0.0102
"2012-05-10",-0.1905,-0.0455
"2012-05-17",,
"2012-05-26",-0.1719,-0.0409
"2012-06-02",-0.1675,-0.0249
"2012-06-11",-0.1668,-0.032
"2012-06-18",-0.186,-0.0486
"2012-06-27",,
"2012-07-04",-0.1976,-0.049
"2012-07-13",-0.1944,-0.0727
"2012-07-20",-0.1955,-0.0592
"2012-07-29",-0.1119,-0.0354
"2012-08-05",-0.1839,-0.047
"2012-08-21",-0.1734,-0.0413
"2012-08-30",-0.1748,-0.0387
"2012-09-06",-0.184,-0.0471
"2012-09-15",-0.1735,-0.0285
"2012-09-22",-0.1849,-0.0245
"2012-10-01",-0.1764,0.0069
"2012-10-08",-0.2065,-0.0106
"2012-10-17",-0.2059,0.0082
"2012-10-24",-0.2218,0.0096
"2012-11-02",,
"2012-11-09",-0.2254,0.0374
"2012-11-18",-0.2219,0.0603
"2012-11-25",-0.2102,0.0349
"2012-12-04",,
"2012-12-11",0.6854,0.6826
"2012-12-20",0.656,0.6579
"2012-12-27",0.5555,0.6074
"2013-01-05",0.7054,0.6859
"2013-01-12",0.317,0.6038
"2013-01-21",-0.0446,0.4863
"2013-01-28",,
"2013-02-06",-0.1658,0.1091
"2013-02-13",,
"2013-02-22",0.7039,0.6029
"2013-03-01",0.5618,0.6919
"2013-03-10",0.6834,0.6606
"2013-03-17",-0.2209,0.1395
"2013-03-18",-0.2126,0.0599
"2013-03-26",0.3766,0.5317
"2013-04-02",,
"2013-04-05",,-0.057
"2013-04-11",-0.1366,0.0484
"2013-04-18",0.4802,0.6094
"2013-04-19",-0.1876,0.2569
"2013-04-27",-0.2338,-0.0774
"2013-05-04",-0.2081,-0.0673
"2013-05-05",,
"2013-05-12",-0.1741,-0.0623
"2013-05-13",-0.1221,-0.0344
"2013-05-20",-0.1348,-0.0453
"2013-05-21",-0.1634,-0.0519
"2013-05-28",-0.0049,0.0602
"2013-05-29",-0.1679,0.0099
"2013-06-05",-0.1806,0.0584
"2013-06-06",-0.1704,-0.0783
"2013-06-13",-0.0863,0.0128
"2013-06-14",-0.148,-0.0089
"2013-06-21",-0.1902,-0.0703
"2013-06-22",-0.1674,-0.0574
"2013-06-29",,
"2013-06-30",,-0.1001
"2013-07-07",-0.0872,0.0248
"2013-07-08",-0.1194,-0.0355
"2013-07-15",,
"2013-07-16",-0.1604,-0.0596
"2013-07-23",-0.1729,-0.0636
"2013-07-24",,
"2013-07-31",-0.1381,-0.0207
"2013-08-01",,
"2013-08-08",-0.1036,-0.0066
"2013-08-09",-0.1057,-0.0224
"2013-08-16",-0.1198,-0.0194
"2013-08-17",,
"2013-08-24",-0.1303,-0.0315
"2013-08-25",-0.1005,-0.0036
"2013-09-01",-0.0342,0.0049
"2013-09-02",-0.1198,-0.0174
"2013-09-09",-0.111,-0.019
"2013-09-10",,
"2013-09-17",-0.1224,0.0015
"2013-09-18",-0.0569,0.0117
"2013-09-25",-0.157,-0.018
"2013-09-26",-0.1338,-0.0002
"2013-10-03",-0.144,0.0061
"2013-10-04",-0.1471,0.0036
"2013-10-11",,0.219
"2013-10-12",-0.1591,0.0183
"2013-10-19",-0.149,0.1288
"2013-10-20",-0.0618,
"2013-10-27",-0.2047,0.0073
"2013-10-28",-0.131,0.106
"2013-11-04",-0.1533,0.0505
"2013-11-05",,
"2013-11-12",-0.2058,0.0431
"2013-11-13",-0.1885,0.0632
"2013-11-20",-0.1906,0.0855
"2013-11-28",-0.1624,0.2628
"2013-11-29",-0.1847,0.2457
"2013-12-06",0.7751,0.8569
"2013-12-07",0.6697,0.5815
"2013-12-14",0.3372,0.4899
"2013-12-15",0.22,0.4812
"2013-12-22",0.7208,0.7561
"2013-12-23",0.2547,0.5019
"2013-12-30",0.4541,0.6151
"2013-12-31",0.0144,0.6245
"2014-01-07",,
"2014-01-08",0.7365,0.6749
"2014-01-15",,
"2014-01-16",,
"2014-01-23",0.643,0.7902
"2014-01-24",0.1577,0.4917
"2014-02-01",,0.6651
"2014-02-08",0.7511,0.8003
"2014-02-09",0.6079,0.7083
"2014-02-16",,
"2014-02-17",-0.0794,0.4569
"2014-02-24",-0.0979,0.3532
"2014-02-25",-0.1463,0.2571
"2014-03-04",-0.1473,0.1985
"2014-03-05",0.6576,0.6876
"2014-03-12",0.6491,0.7118
"2014-03-13",-0.0198,0.3593
"2014-03-20",-0.2184,0.1559
"2014-03-21",-0.1865,
"2014-03-28",-0.1976,0.0543
"2014-03-29",-0.2148,0.0274
"2014-04-05",,
"2014-04-06",0.003,0.3071
"2014-04-14",0.6408,0.7046
"2014-04-21",-0.2216,0.008
"2014-04-22",-0.1676,-0.0203
"2014-04-30",-0.1349,-0.057
"2014-05-07",-0.1244,-0.0727
"2014-05-08",,0.0127
"2014-05-15",-0.1085,
"2014-05-16",-0.1574,-0.0067
"2014-05-23",,
"2014-05-24",-0.0034,0.0252
"2014-05-31",-0.1632,-0.0465
"2014-06-01",-0.1796,-0.0651
"2014-06-09",-0.1257,-0.0204
"2014-06-16",-0.1275,-0.0259
"2014-06-17",-0.1495,-0.0464
"2014-06-24",-0.0961,-0.0376
"2014-06-25",-0.1243,-0.0207
"2014-07-02",-0.1253,-0.0095
"2014-07-03",-0.1624,-0.043
"2014-07-10",-0.1597,0.0831
"2014-07-11",,
"2014-07-18",,
"2014-07-19",-0.1455,-0.0109
"2014-07-26",-0.1216,0.0588
"2014-07-27",-0.1292,-0.0108
"2014-08-03",-0.1239,-0.0118
"2014-08-04",-0.0978,0.0301
"2014-08-11",-0.1458,0.0171
"2014-08-12",-0.1236,-0.0009
"2014-08-19",-0.1075,-0.0053
"2014-08-20",-0.0261,0.1
"2014-08-27",-0.0613,-0.0041
"2014-08-28",-0.0242,
"2014-09-04",-0.0628,-0.0259
"2014-09-05",-0.1104,0.0353
"2014-09-12",-0.1339,0.1014
"2014-09-13",-0.1372,0.0097
"2014-09-20",-0.142,0.0105
"2014-09-21",,0.1141
"2014-09-29",-0.1339,-0.1133
"2014-10-06",-0.0704,
"2014-10-07",-0.1588,0.0172
"2014-10-14",-0.1897,0.0218
"2014-10-15",,
"2014-10-22",,
"2014-10-23",,
"2014-10-30",-0.2193,0.0371
"2014-10-31",-0.1871,0.0572
"2014-11-07",,
"2014-11-08",-0.2131,0.0507
"2014-11-15",-0.0822,0.151
"2014-11-16",0.6892,0.7658
"2014-11-23",-0.076,
"2014-11-24",,
"2014-12-01",-0.2206,0.1096
"2014-12-02",-0.15,0.0917
"2014-12-09",,
"2014-12-10",-0.2248,0.1179
"2014-12-17",,
"2014-12-18",0.0086,
"2014-12-25",0.0392,0.521
"2015-01-02",0.7351,0.7794
"2015-01-03",,
"2015-01-10",0.0783,0.4794
"2015-01-11",,
"2015-01-18",-0.0063,0.4027
"2015-01-19",-0.0624,0.3638
"2015-01-26",0.1689,0.5342
"2015-01-27",-0.108,0.1466
"2015-02-03",-0.1138,0.3378
"2015-02-04",,
"2015-02-12",,
"2015-02-19",-0.1579,0.3138
"2015-02-20",-0.1935,0.1978
"2015-02-27",0.7955,0.8481
"2015-02-28",,
"2015-03-07",0.2624,0.5986
"2015-03-08",0.1073,0.5046
"2015-03-15",-0.2012,0.1313
"2015-03-16",-0.2349,0.0608
"2015-03-23",-0.2364,0.01
"2015-03-24",-0.2136,0.0993
"2015-03-31",-0.2191,-0.0187
"2015-04-01",-0.0735,
"2015-04-08",-0.1759,-0.0521
"2015-04-09",-0.2063,-0.0264
"2015-04-16",0.6238,0.6116
"2015-04-17",0.754,0.7826
"2015-04-25",-0.1662,-0.0098
"2015-05-02",-0.144,-0.017
"2015-05-03",,-0.015
"2015-05-10",,
"2015-05-11",0.231,0.812
"2015-05-18",,
"2015-05-26",0.04,
"2015-05-27",-0.1369,
"2015-06-03",-0.1141,-0.0246
"2015-06-04",-0.1788,-0.0592
"2015-06-11",,
"2015-06-12",,
"2015-06-19",-0.1239,-0.0084
"2015-06-20",-0.1396,-0.0279
"2015-06-27",-0.1408,-0.0231
"2015-06-28",-0.108,0.0341
"2015-07-05",,
"2015-07-06",,
"2015-07-13",-0.0444,0.0435
"2015-07-14",-0.0715,0.017
"2015-07-21",-0.0839,0.0027
"2015-07-22",-0.0951,0.0047
"2015-07-29",-0.1284,0.0025
"2015-07-30",-0.1012,0.0132
"2015-08-06",-0.1171,0.0094
"2015-08-07",-0.0365,
"2015-08-14",-0.1371,-0.0005
"2015-08-15",-0.0917,0.048
"2015-08-22",-0.1118,0.0268
"2015-08-23",-0.1198,0.0341
"2015-08-30",-0.1425,-0.001
"2015-08-31",-0.0212,0.0907
"2015-09-07",,
"2015-09-08",0.0879,
"2015-09-15",-0.1545,0.0693
"2015-09-16",-0.1318,0.0365
"2015-09-23",-0.1467,0.0402
"2015-09-24",-0.1702,-0.0744
"2015-10-01",,0.0249
"2015-10-02",-0.1458,0.0371
"2015-10-09",-0.0754,0.0935
"2015-10-10",-0.1878,0.0341
"2015-10-17",-0.1924,0.0343
"2015-10-18",-0.1435,0.0584
"2015-10-25",-0.1762,0.0849
"2015-10-26",0.1407,
"2015-11-02",-0.2154,0.0668
"2015-11-03",-0.1878,0.0835
"2015-11-10",-0.1945,0.1024
"2015-11-11",0.6978,0.6872
"2015-11-18",0.7295,0.7029
"2015-11-19",0.7674,0.7716
"2015-11-26",,
"2015-11-27",0.6648,0.6208
"2015-12-04",0.3862,0.6252
"2015-12-05",,
"2015-12-13",,
"2015-12-20",0.388,0.6626
"2015-12-21",0.4459,0.7203
"2015-12-28",0.6906,0.7394
"2015-12-29",0.5343,0.6086
"2016-01-05",0.3438,0.6417
"2016-01-06",0.4945,0.6366
"2016-01-13",0.529,0.7178
"2016-01-14",0.4703,0.6576
"2016-01-21",0.2891,0.623
"2016-01-22",0.0722,0.6452
"2016-01-29",0.236,0.6113
"2016-01-30",-0.0617,
"2016-02-06",,
"2016-02-07",0.8028,0.7992
"2016-02-14",0.5953,
"2016-02-15",,
"2016-02-22",,
"2016-03-01",-0.1073,0.2762
"2016-03-02",,
"2016-03-09",-0.1516,0.1281
"2016-03-10",-0.2158,0.1367
"2016-03-17",-0.2162,0.1363
"2016-03-18",,
"2016-04-02",0.0785,0.5646
"2016-04-03",-0.2174,-0.011
"2016-04-10",,
"2016-04-11",-0.2007,0.0237
"2016-04-18",,
"2016-04-19",,
"2016-04-26",0.1439,
"2016-04-27",-0.1584,0.1303
"2016-05-04",-0.2195,0.0012
"2016-05-05",-0.2308,-0.0552
"2016-05-12",-0.2302,-0.0569
"2016-05-13",-0.197,-0.0421
"2016-05-20",-0.0859,
"2016-05-21",-0.181,-0.0468
"2016-05-28",-0.1039,0.0312
"2016-05-29",-0.1583,-0.0197
"2016-06-05",-0.1449,0.0304
"2016-06-13",-0.1036,0.0631
"2016-06-14",-0.1181,0.0089
"2016-06-21",-0.0724,0.0288
"2016-06-22",-0.1396,-0.0034
"2016-06-29",,
"2016-06-30",-0.0059,
"2016-07-07",-0.1339,0.0259
"2016-07-08",-0.1495,-0.0117
"2016-07-15",,0.0482
"2016-07-16",-0.143,0.0062
"2016-07-23",-0.1282,0.0324
"2016-07-24",-0.1512,0.0566
"2016-07-31",-0.1043,0.0443
"2016-08-01",-0.1331,0.0447
"2016-08-08",-0.0946,0.0518
"2016-08-09",-0.1735,0.0047
"2016-08-16",-0.1153,0.0212
"2016-08-17",-0.1107,0.0703
"2016-08-24",,
"2016-08-25",-0.1761,0.0441
"2016-09-01",-0.1765,0.0226
"2016-09-02",,
"2016-09-09",-0.1533,0.0396
"2016-09-10",-0.1707,0.0238
"2016-09-17",-0.1861,0.0325
"2016-09-18",-0.1617,0.0421
"2016-09-25",-0.1659,0.0699
"2016-09-26",-0.1891,0.0311
"2016-10-03",-0.2022,0.0445
"2016-10-04",-0.1754,0.07
"2016-10-11",-0.1687,0.0857
"2016-10-12",-0.1521,0.0643
"2016-10-19",-0.2097,0.0621
"2016-10-20",-0.1851,0.0881
"2016-10-27",-0.1916,0.0997
"2016-10-28",,
"2016-11-04",-0.1949,0.0954
"2016-11-05",,
"2016-11-12",-0.1822,0.1349
"2016-11-13",,
"2016-11-20",-0.0504,0.3294
"2016-11-21",-0.151,0.1873
"2016-11-28",-0.143,0.3255
"2016-11-29",-0.1096,0.3415
"2016-12-06",-0.1879,0.3321
"2016-12-07",0.7016,0.8175
"2016-12-14",-0.0705,0.3461
"2016-12-15",,
"2016-12-23",0.228,0.6332
"2016-12-30",0.0011,0.5427
"2016-12-31",-0.0479,0.4662
"2017-01-07",0.6436,0.6802
"2017-01-08",,
"2017-01-15",,
"2017-01-23",0.0846,0.4799
"2017-01-24",,
"2017-01-31",-0.0352,0.0765
"2017-02-01",-0.1633,0.3563
"2017-02-09",,
"2017-02-16",-0.1597,0.2445
"2017-02-17",-0.1003,
"2017-02-24",,
"2017-02-25",0.0159,0.4322
"2017-03-04",-0.2043,0.0852
"2017-03-05",,
"2017-03-13",,
"2017-03-20",-0.124,
"2017-03-21",-0.1823,0.0537
"2017-03-28",-0.1551,0.0973
"2017-03-29",,
"2017-04-05",0.6934,0.7694
"2017-04-06",-0.1528,0.165
"2017-04-13",-0.2276,-0.0174
"2017-04-14",-0.2063,-0.0016
"2017-04-21",-0.1587,
"2017-04-30",0.6828,0.7691
"2017-05-07",,
"2017-05-08",,
"2017-05-15",-0.1955,-0.0397
"2017-05-16",-0.1809,-0.0147
"2017-05-23",-0.1146,0.0888
"2017-05-24",-0.1872,-0.0187
"2017-05-31",-0.108,0.1196
"2017-06-01",,
"2017-06-08",,
"2017-06-09",,
"2017-06-16",-0.1686,0.0024
"2017-06-17",-0.0614,
"2017-06-24",-0.1566,0.0174
"2017-06-25",-0.1708,0.0026
"2017-07-02",,0.1169
"2017-07-03",,
"2017-07-10",-0.1533,0.0719
"2017-07-11",-0.1021,0.0414
"2017-07-18",,-0.0004
"2017-07-19",-0.1676,0.0066
"2017-07-26",,-0.0186
"2017-07-27",-0.1621,0.0174
"2017-08-03",,
"2017-08-04",-0.1505,0.0105
"2017-08-11",0.0153,
"2017-08-12",-0.1439,0.0012
"2017-08-19",-0.166,0.0313
"2017-08-20",-0.1087,0.0614
"2017-08-27",-0.1383,0.0145
"2017-08-28",-0.16,-0.0055
"2017-09-04",-0.1105,0.005
"2017-09-05",-0.1351,0.0228
"2017-09-12",-0.1493,0.0182
"2017-09-20",-0.181,0.0049
"2017-09-21",-0.1549,0.0253
"2017-09-28",,
"2017-09-29",-0.152,0.0789
"2017-10-06",-0.1768,0.0947
"2017-10-07",-0.1675,0.042
"2017-10-14",-0.1759,0.0537
"2017-10-15",-0.2053,0.0367
"2017-10-22",-0.1502,0.0057
"2017-10-23",-0.184,
"2017-10-30",,
"2017-10-31",-0.1929,0.0998
"2017-11-07",-0.1092,
"2017-11-08",0.0014,0.424
"2017-11-15",-0.1715,0.0698
"2017-11-16",,
"2017-11-23",,
"2017-11-24",,
"2017-12-01",-0.1986,0.1441
"2017-12-02",-0.2154,0.1246
"2017-12-09",-0.2239,0.1552
"2017-12-10",-0.1995,0.1614
"2017-12-17",-0.0637,0.2423
"2017-12-18",-0.1892,0.2553
"2017-12-25",-0.1928,0.1937
"2017-12-26",-0.1785,0.1956
"2018-01-02",-0.1941,0.1787
"2018-01-03",-0.1993,0.1365
"2018-01-10",,
"2018-01-11",-0.0194,0.362
"2018-01-18",-0.1518,
"2018-01-19",,
"2018-01-26",,
"2018-01-27",,
"2018-02-03",,
"2018-02-04",-0.213,0.1335
"2018-02-11",0.7437,0.7518
"2018-02-12",,
"2018-02-19",-0.0861,0.1749
"2018-02-20",0.6435,0.6964
"2018-02-27",-0.1712,0.3278
"2018-02-28",-0.165,0.2568
"2018-03-07",-0.2126,0.0746
"2018-03-08",-0.2312,0.051
"2018-03-15",0.0757,
"2018-03-16",-0.1907,0.0367
"2018-03-23",,
"2018-03-24",-0.206,0.0092
"2018-03-31",-0.1889,0.0248
"2018-04-01",-0.1869,0.0147
"2018-04-08",-0.2118,0.0196
"2018-04-09",-0.2086,-0.0038
"2018-04-16",-0.1971,-0.0295
"2018-04-17",-0.2039,-0.0204
"2018-04-24",,
"2018-04-25",-0.1495,0.2339
"2018-05-02",-0.0732,-0.0124
"2018-05-03",,
"2018-05-11",-0.1754,-0.0368
"2018-05-18",-0.1878,-0.0391
"2018-05-19",,
"2018-05-26",0.0029,0.074
"2018-05-27",-0.142,-0.0343
"2018-06-03",,
"2018-06-04",-0.1589,-0.023
"2018-06-11",-0.1721,-0.0288
"2018-06-12",-0.1785,-0.0453
"2018-06-19",-0.1648,-0.0165
"2018-06-20",-0.1497,0.0094
"2018-06-27",-0.167,0.0093
"2018-06-28",-0.1494,-0.0552
"2018-07-05",-0.166,0.0111
"2018-07-06",-0.1436,-0.0278
"2018-07-13",-0.0944,-0.0053
"2018-07-14",-0.1624,-0.0587
"2018-07-21",-0.178,-0.0391
"2018-07-22",-0.0936,
"2018-07-29",-0.1324,-0.0243
"2018-07-30",-0.1541,-0.0115
"2018-08-06",-0.1537,-0.0451
"2018-08-07",-0.1326,-0.0349
"2018-08-14",-0.1375,-0.0243
"2018-08-15",,
"2018-08-22",-0.0512,
"2018-08-23",-0.1261,-0.02
"2018-08-30",-0.1567,-0.025
"2018-09-07",-0.1639,-0.0118
"2018-09-08",-0.1523,-0.0129
"2018-09-15",-0.1667,-0.0159
"2018-09-16",-0.1852,-0.0294
"2018-09-23",-0.1987,-0.0328
"2018-09-24",,
"2018-10-01",-0.0702,0.0822
"2018-10-02",,
"2018-10-17",,
"2018-10-18",-0.1867,0.0229
"2018-10-25",-0.2048,0.0697
"2018-10-26",-0.1929,0.0348
"2018-11-02",0.0111,0.5844
"2018-11-03",-0.0496,0.2546
"2018-11-10",-0.2225,0.1173
"2018-11-18",0.0998,0.3968
"2018-11-19",-0.1325,0.2684
"2018-11-26",0.0919,0.4593
"2018-11-27",,
"2018-12-04",0.0069,0.5367
"2018-12-05",-0.1359,0.2904
"2018-12-12",-0.1512,0.2081
"2018-12-13",-0.1502,0.2491
"2018-12-20",-0.1728,0.2016
"2018-12-21",-0.0747,
"2018-12-28",-0.1134,0.4234
"2018-12-29",-0.1088,0.34
"2019-01-05",0.0896,0.379
"2019-01-06",-0.0846,0.3011
"2019-01-13",0.7383,0.7369
"2019-01-14",0.8122,0.8097
"2019-01-21",0.3951,0.6957
"2019-01-22",,
"2019-01-29",0.6407,0.6536
"2019-01-30",0.5855,0.696
"2019-02-07",0.6115,0.648
"2019-02-15",-0.1348,0.5554
"2019-02-22",0.2305,0.582
"2019-02-23",0.6756,0.6624
"2019-03-02",-0.0487,0.4377
"2019-03-03",0.8189,0.7412
"2019-03-10",-0.1647,0.3337
"2019-03-11",,
"2019-03-18",0.6536,0.7321
"2019-03-19",0.4234,0.6084
"2019-03-26",,
"2019-03-27",-0.154,-0.0033
"2019-04-04",,
"2019-04-11",,
"2019-04-12",,
"2019-04-19",-0.251,-0.0764
"2019-04-20",,
"2019-04-27",-0.2237,-0.0701
"2019-04-28",-0.2206,-0.0747
"2019-05-05",-0.2263,0.0047
"2019-05-06",-0.1638,
"2019-05-13",-0.1866,-0.0313
"2019-05-14",0.1221,
"2019-05-22",,
"2019-05-29",,
"2019-05-30",-0.193,0.0256
"2019-06-06",-0.1927,-0.0282
"2019-06-07",-0.1693,-0.0529
"2019-06-14",-0.1193,
"2019-06-15",-0.1148,0.0837
"2019-06-22",-0.1658,-0.0032
"2019-06-23",,
"2019-06-30",-0.1589,0.0655
"2019-07-01",,
"2019-07-09",-0.16,-0.0344
"2019-07-16",-0.1515,-0.025
"2019-07-17",-0.1688,0.0647
"2019-07-24",-0.1704,-0.0318
"2019-07-25",-0.1128,-0.0382
"2019-08-01",,
"2019-08-02",-0.1635,-0.0211
"2019-08-10",,